# Host: localhost:33065  (Version 5.5.5-10.4.32-MariaDB)
# Date: 2025-10-29 19:06:05
# Generator: MySQL-Front 6.0  (Build 2.20)


#
# Structure for table "configuracions"
#

DROP TABLE IF EXISTS `configuracions`;
CREATE TABLE `configuracions` (
  `id` bigint(20) unsigned NOT NULL AUTO_INCREMENT,
  `parametro` varchar(255) NOT NULL,
  `valor` varchar(255) NOT NULL,
  `descripcion` text DEFAULT NULL,
  `created_at` timestamp NULL DEFAULT NULL,
  `updated_at` timestamp NULL DEFAULT NULL,
  PRIMARY KEY (`id`)
) ENGINE=InnoDB DEFAULT CHARSET=utf8mb4 COLLATE=utf8mb4_unicode_ci;

#
# Data for table "configuracions"
#


#
# Structure for table "cultivos"
#

DROP TABLE IF EXISTS `cultivos`;
CREATE TABLE `cultivos` (
  `id` bigint(20) unsigned NOT NULL AUTO_INCREMENT,
  `nombre` varchar(255) NOT NULL,
  `variedad` varchar(255) NOT NULL,
  `fecha_siembra` date NOT NULL,
  `estado` tinyint(1) NOT NULL DEFAULT 1,
  `created_at` timestamp NULL DEFAULT NULL,
  `updated_at` timestamp NULL DEFAULT NULL,
  PRIMARY KEY (`id`)
) ENGINE=InnoDB DEFAULT CHARSET=utf8mb4 COLLATE=utf8mb4_unicode_ci;

#
# Data for table "cultivos"
#


#
# Structure for table "failed_jobs"
#

DROP TABLE IF EXISTS `failed_jobs`;
CREATE TABLE `failed_jobs` (
  `id` bigint(20) unsigned NOT NULL AUTO_INCREMENT,
  `uuid` varchar(255) NOT NULL,
  `connection` text NOT NULL,
  `queue` text NOT NULL,
  `payload` longtext NOT NULL,
  `exception` longtext NOT NULL,
  `failed_at` timestamp NOT NULL DEFAULT current_timestamp(),
  PRIMARY KEY (`id`),
  UNIQUE KEY `failed_jobs_uuid_unique` (`uuid`)
) ENGINE=InnoDB DEFAULT CHARSET=utf8mb4 COLLATE=utf8mb4_unicode_ci;

#
# Data for table "failed_jobs"
#


#
# Structure for table "migrations"
#

DROP TABLE IF EXISTS `migrations`;
CREATE TABLE `migrations` (
  `id` int(10) unsigned NOT NULL AUTO_INCREMENT,
  `migration` varchar(255) NOT NULL,
  `batch` int(11) NOT NULL,
  PRIMARY KEY (`id`)
) ENGINE=InnoDB AUTO_INCREMENT=18 DEFAULT CHARSET=utf8mb4 COLLATE=utf8mb4_unicode_ci;

#
# Data for table "migrations"
#

INSERT INTO `migrations` VALUES (1,'2014_10_12_000000_create_users_table',1),(2,'2014_10_12_100000_create_password_reset_tokens_table',1),(3,'2019_08_19_000000_create_failed_jobs_table',1),(4,'2019_12_14_000001_create_personal_access_tokens_table',1),(5,'2025_05_29_225051_create_cultivos_table',1),(6,'2025_05_29_230216_create_sensors_table',1),(7,'2025_05_29_231010_create_riegos_table',1),(8,'2025_05_29_231256_create_configuracions_table',1),(9,'2025_06_26_131728_create_reportes_table',1),(10,'2025_08_26_101608_create_sessions_table',1),(11,'2025_09_12_150000_create_productos_table',1),(12,'2025_09_28_234501_create_ventas_table',1),(13,'2025_10_03_122518_create_detalle_venta_table',1),(14,'2025_10_04_000211_create_equipos_table',1),(15,'2025_10_04_210912_add_estado_column_to_ventas_detalle_venta_users_tables',1),(16,'2025_10_04_215742_create_reporte_equipos_table',2),(17,'2025_10_29_085726_update_riegos_table_for_reporte',3);

#
# Structure for table "password_reset_tokens"
#

DROP TABLE IF EXISTS `password_reset_tokens`;
CREATE TABLE `password_reset_tokens` (
  `email` varchar(255) NOT NULL,
  `token` varchar(255) NOT NULL,
  `created_at` timestamp NULL DEFAULT NULL,
  PRIMARY KEY (`email`)
) ENGINE=InnoDB DEFAULT CHARSET=utf8mb4 COLLATE=utf8mb4_unicode_ci;

#
# Data for table "password_reset_tokens"
#


#
# Structure for table "personal_access_tokens"
#

DROP TABLE IF EXISTS `personal_access_tokens`;
CREATE TABLE `personal_access_tokens` (
  `id` bigint(20) unsigned NOT NULL AUTO_INCREMENT,
  `tokenable_type` varchar(255) NOT NULL,
  `tokenable_id` bigint(20) unsigned NOT NULL,
  `name` varchar(255) NOT NULL,
  `token` varchar(64) NOT NULL,
  `abilities` text DEFAULT NULL,
  `last_used_at` timestamp NULL DEFAULT NULL,
  `expires_at` timestamp NULL DEFAULT NULL,
  `created_at` timestamp NULL DEFAULT NULL,
  `updated_at` timestamp NULL DEFAULT NULL,
  PRIMARY KEY (`id`),
  UNIQUE KEY `personal_access_tokens_token_unique` (`token`),
  KEY `personal_access_tokens_tokenable_type_tokenable_id_index` (`tokenable_type`,`tokenable_id`)
) ENGINE=InnoDB DEFAULT CHARSET=utf8mb4 COLLATE=utf8mb4_unicode_ci;

#
# Data for table "personal_access_tokens"
#


#
# Structure for table "reportes"
#

DROP TABLE IF EXISTS `reportes`;
CREATE TABLE `reportes` (
  `id` bigint(20) unsigned NOT NULL AUTO_INCREMENT,
  `fecha_registro` date NOT NULL,
  `tipo_lechuga` varchar(255) NOT NULL,
  `superficie` decimal(8,2) NOT NULL,
  `unidad_medida` varchar(255) NOT NULL,
  `etapa_crecimiento` varchar(255) NOT NULL,
  `estado_cultivo` varchar(255) NOT NULL,
  `estacion_anio` varchar(255) NOT NULL,
  `observaciones` text DEFAULT NULL,
  `foto_cultivo` varchar(255) DEFAULT NULL,
  `created_at` timestamp NULL DEFAULT NULL,
  `updated_at` timestamp NULL DEFAULT NULL,
  PRIMARY KEY (`id`)
) ENGINE=InnoDB DEFAULT CHARSET=utf8mb4 COLLATE=utf8mb4_unicode_ci;

#
# Data for table "reportes"
#

INSERT INTO `reportes` VALUES (1,'2025-10-22','romana',200.00,'m2','crecimiento','saludable','primavera',NULL,NULL,'2025-10-29 22:31:22','2025-10-29 22:31:22'),(2,'2025-10-16','crespa',300.00,'m2','crecimiento','saludable','primavera',NULL,NULL,'2025-10-29 22:34:26','2025-10-29 22:34:26');

#
# Structure for table "riegos"
#

DROP TABLE IF EXISTS `riegos`;
CREATE TABLE `riegos` (
  `id` bigint(20) unsigned NOT NULL AUTO_INCREMENT,
  `fecha_hora` datetime NOT NULL,
  `inicio` time DEFAULT NULL,
  `fin` time DEFAULT NULL,
  `lectura_adc` int(11) DEFAULT NULL,
  `humedad` decimal(5,2) DEFAULT NULL,
  `estado` varchar(50) DEFAULT NULL,
  `accion` varchar(100) DEFAULT NULL,
  `created_at` timestamp NULL DEFAULT NULL,
  `updated_at` timestamp NULL DEFAULT NULL,
  PRIMARY KEY (`id`)
) ENGINE=InnoDB DEFAULT CHARSET=utf8mb4 COLLATE=utf8mb4_unicode_ci;

#
# Data for table "riegos"
#

INSERT INTO `riegos` VALUES (1,'2025-09-08 09:00:00','09:00:00','09:15:00',2126,39.73,'SECO','Aumentar riego','2025-10-29 05:06:48','2025-10-29 05:06:48'),(2,'2025-09-10 08:20:00','08:20:00','08:35:00',2060,42.73,'SECO','Aumentar riego','2025-10-29 05:06:48','2025-10-29 05:06:48'),(3,'2025-09-12 08:20:00','08:20:00','08:35:00',2260,33.64,'SECO','Aumentar riego','2025-10-29 05:06:48','2025-10-29 05:06:48'),(4,'2025-09-22 09:00:00','09:00:00','09:20:00',2054,43.00,'SECO','Aumentar riego','2025-10-29 05:06:48','2025-10-29 05:06:48'),(5,'2025-09-25 08:20:00','08:20:00','08:35:00',2154,50.00,'SECO','Aumentar riego','2025-10-29 05:06:48','2025-10-29 05:06:48'),(6,'2025-09-26 09:20:00','09:20:00','09:35:00',2260,33.64,'SECO','Aumentar riego','2025-10-29 05:06:48','2025-10-29 05:06:48'),(13,'2025-10-29 16:03:57','19:56:00','19:57:00',2126,39.73,'SECO','Aumentar riego','2025-10-29 16:03:57','2025-10-29 16:03:57');

#
# Structure for table "sensors"
#

DROP TABLE IF EXISTS `sensors`;
CREATE TABLE `sensors` (
  `id` bigint(20) unsigned NOT NULL AUTO_INCREMENT,
  `tipo` varchar(255) NOT NULL,
  `ubicacion` varchar(255) NOT NULL,
  `unidad_medida` varchar(255) NOT NULL,
  `valor` decimal(8,2) DEFAULT NULL,
  `activo` tinyint(1) NOT NULL DEFAULT 1,
  `created_at` timestamp NULL DEFAULT NULL,
  `updated_at` timestamp NULL DEFAULT NULL,
  PRIMARY KEY (`id`)
) ENGINE=InnoDB DEFAULT CHARSET=utf8mb4 COLLATE=utf8mb4_unicode_ci;

#
# Data for table "sensors"
#


#
# Structure for table "sessions"
#

DROP TABLE IF EXISTS `sessions`;
CREATE TABLE `sessions` (
  `id` varchar(255) NOT NULL,
  `user_id` bigint(20) unsigned DEFAULT NULL,
  `ip_address` varchar(45) DEFAULT NULL,
  `user_agent` text DEFAULT NULL,
  `payload` longtext NOT NULL,
  `last_activity` int(11) NOT NULL,
  PRIMARY KEY (`id`),
  KEY `sessions_user_id_index` (`user_id`),
  KEY `sessions_last_activity_index` (`last_activity`)
) ENGINE=InnoDB DEFAULT CHARSET=utf8mb4 COLLATE=utf8mb4_unicode_ci;

#
# Data for table "sessions"
#


#
# Structure for table "users"
#

DROP TABLE IF EXISTS `users`;
CREATE TABLE `users` (
  `id` bigint(20) unsigned NOT NULL AUTO_INCREMENT,
  `nombre` varchar(255) NOT NULL,
  `apellidos` varchar(255) NOT NULL,
  `fecha_nacimiento` datetime NOT NULL,
  `genero` varchar(255) NOT NULL,
  `username` varchar(255) NOT NULL,
  `email` varchar(255) NOT NULL,
  `email_verified_at` timestamp NULL DEFAULT NULL,
  `password` varchar(255) NOT NULL,
  `rol` enum('administrador','agricultor','comprador') NOT NULL,
  `foto_perfil` varchar(255) DEFAULT NULL,
  `remember_token` varchar(100) DEFAULT NULL,
  `created_at` timestamp NULL DEFAULT NULL,
  `updated_at` timestamp NULL DEFAULT NULL,
  `estado` tinyint(1) NOT NULL DEFAULT 1,
  PRIMARY KEY (`id`),
  UNIQUE KEY `users_username_unique` (`username`),
  UNIQUE KEY `users_email_unique` (`email`)
) ENGINE=InnoDB AUTO_INCREMENT=10 DEFAULT CHARSET=utf8mb4 COLLATE=utf8mb4_unicode_ci;

#
# Data for table "users"
#

INSERT INTO `users` VALUES (1,'Josseline Tifany','Velasco Villanueva','2007-10-06 00:00:00','femenino','yoysi','amayaolguina@gmail.com','2025-09-12 15:10:53','$2y$10$nPIm11q65K8/F5eDQcF.H.om4lRmXZuQE4jyatchtGC81Ss0/jDe6','agricultor',NULL,NULL,NULL,'2025-10-11 12:30:20',1),(2,'Olgui','Amaya Burgoa','2007-08-10 00:00:00','femenino','olgui','olguinaamaya@gmail.com','2025-09-12 15:10:53','$2y$10$gxNg.cC3I80DzLHwFQfLke.akxFcNgRyPihcZG5EUESyx9gJDvCUK','administrador',NULL,NULL,'2025-10-04 22:52:20','2025-10-11 11:25:16',1),(3,'Shirley','Salazar','2007-07-05 00:00:00','femenino','shirley','shirley@gmail.com','2025-09-12 15:10:53','$2y$10$r.TXd1/fm/YmljjypMdByeeuUBJZDH8Ur.elWiIKLOdfjfjmt8l/2','agricultor',NULL,NULL,'2025-10-04 23:03:01','2025-10-04 23:03:01',1),(4,'Faby','Arancibia','2007-10-03 00:00:00','femenino','faby','faby@gmail.com','2025-09-12 15:10:53','$2y$10$WMfrlTWWUCubaXycedF/4OBrIX2ze/j4zaA2eQHbkNA4O9Bm78e3y','agricultor',NULL,NULL,'2025-10-05 00:26:14','2025-10-05 00:26:14',1),(5,'Beimar','Astete','2007-10-03 00:00:00','masculino','beimarr','beimarr@gmail.com','2025-09-12 15:10:53','$2y$10$kVOVDu7Kfq3trZXB1GOPmOA0EGJabDhDRsE6s92nYrxGmFaiLinx.','agricultor',NULL,NULL,'2025-10-05 00:37:39','2025-10-28 23:51:10',1),(6,'Clara','Jimenez','2007-08-10 00:00:00','femenino','clara','clara@gmail.com','2025-09-12 15:10:53','$2y$10$ojTykquVlLyf946t.FioHeKZwSsZzJoV9bnOS5OPOjIXjviiosZTu','comprador',NULL,NULL,'2025-10-05 22:06:47','2025-10-05 22:06:47',1),(7,'Lola','Luna','2007-09-07 00:00:00','femenino','lola','lola@gmail.com','2025-09-12 15:10:53','$2y$10$vRE8OUIZ8Qf.MCdUnJ5Noef.lfvKW2j5P1AaQhh4Ig/qRbVuH5PnW','agricultor',NULL,NULL,'2025-10-05 22:25:09','2025-10-05 22:25:09',1),(8,'Pepito','Salazar','2007-09-05 00:00:00','masculino','pepito','sissytifa27@gmail.com',NULL,'$2y$10$MD3ErCUPAVcttClIjAJq.uNRGjuwItlmS.78/MXQAcytqYfO6Nneu','agricultor','profile_photos/WDKiAdRIkNAiSRUFrs2W7Mgmah8jUqDirdFqsX4A.jpg',NULL,'2025-10-12 21:56:11','2025-10-12 21:56:11',1),(9,'Josue','Mareño','2007-08-03 00:00:00','masculino','josue','olguis.77heart@gmail.com',NULL,'$2y$10$VBEu7sM7jQ0sjPXcMfthsOwwPMbeke/N1r8ByQf5tKGeewilYJspG','agricultor',NULL,NULL,'2025-10-14 16:49:07','2025-10-14 16:49:07',1);

#
# Structure for table "productos"
#

DROP TABLE IF EXISTS `productos`;
CREATE TABLE `productos` (
  `id` bigint(20) unsigned NOT NULL AUTO_INCREMENT,
  `user_id` bigint(20) unsigned NOT NULL,
  `nombre` varchar(100) NOT NULL,
  `emoji` varchar(5) DEFAULT NULL,
  `image_url` varchar(255) DEFAULT NULL,
  `descripcion` text DEFAULT NULL,
  `precio` decimal(10,2) NOT NULL,
  `unidad` varchar(20) DEFAULT NULL,
  `stock` int(11) NOT NULL DEFAULT 0,
  `categoria` varchar(50) DEFAULT NULL,
  `origen` varchar(100) DEFAULT NULL,
  `beneficios` text DEFAULT NULL,
  `disponible` tinyint(1) NOT NULL DEFAULT 1,
  `created_at` timestamp NULL DEFAULT NULL,
  `updated_at` timestamp NULL DEFAULT NULL,
  PRIMARY KEY (`id`),
  KEY `productos_user_id_foreign` (`user_id`),
  KEY `productos_disponible_index` (`disponible`),
  KEY `productos_categoria_index` (`categoria`),
  CONSTRAINT `productos_user_id_foreign` FOREIGN KEY (`user_id`) REFERENCES `users` (`id`) ON DELETE CASCADE
) ENGINE=InnoDB AUTO_INCREMENT=8 DEFAULT CHARSET=utf8mb4 COLLATE=utf8mb4_unicode_ci;

#
# Data for table "productos"
#

INSERT INTO `productos` VALUES (1,5,'Lechuga',NULL,'storage/productos/hNzI6xu2gHSdJBOZ3viq44Fk24iuiYQi5iyKw0Bd.jpg','Fresca',12.00,'Kg',7,NULL,'Piruhas','Alta en vitaminas',1,'2025-10-05 22:35:49','2025-10-05 22:39:30'),(2,4,'Lechuguillas',NULL,'storage/productos/pLyQmxDQqWJClcdm7mD2QpDk90u55FdQpCXFbdGN.png','Rica',12.00,'Bolsa',5,NULL,'Piruhas','Buena y fresca',1,'2025-10-05 22:42:00','2025-10-29 22:59:46'),(3,5,'Reyna de Corazones',NULL,'storage/productos/Ww5iK3oRo7ULk9ihyUpEyU8T5oXz16yPbnTmP3T3.jpg','Lista para servir en la ensalada',8.00,'Bolsa',8,NULL,'Pirhuas','Saludable',1,'2025-10-11 20:23:21','2025-10-29 22:59:46'),(4,5,'Beimar',NULL,'storage/productos/5nLPkGHgHW6zMXEiUeU8syqYRUUhRbjskVx9KLp7.jpg','Naruto',3.00,'Kg',10,NULL,'wdasd','sdf',0,'2025-10-11 20:35:19','2025-10-11 20:54:37'),(5,7,'Lechuga Romana',NULL,'storage/productos/biInH1Cf915HGahDxqBTJ9HGgQdP5IDFYfJYh14o.jpg','Fresca y deliciosa',5.00,'Bolsa',6,NULL,'Sipe Sipe','Natural libre de insecticidas',1,'2025-10-11 21:03:50','2025-10-11 21:03:50'),(6,5,'Lechuga picada',NULL,'storage/productos/fuH4la6Jw2sEf2lSFwebDz6bKQdJ8Fnh9W4OKFr7.jpg','Fresca y dulce',7.00,'Bolsa',12,NULL,'Pirhuas','Alta en vitaminas',1,'2025-10-14 03:33:28','2025-10-14 03:33:28'),(7,5,'Lechuga crespa',NULL,'storage/productos/vUTlZE9RolP8gXM5pckcUsSykjFLS4kETab5pPR6.jpg','Contiene 18 gr en peso',7.00,'Bolsa',6,NULL,'Pirhuas','Natural y alta en vitaminas',1,'2025-10-14 16:40:14','2025-10-14 16:43:44');

#
# Structure for table "equipos"
#

DROP TABLE IF EXISTS `equipos`;
CREATE TABLE `equipos` (
  `id` bigint(20) unsigned NOT NULL AUTO_INCREMENT,
  `user_id` bigint(20) unsigned NOT NULL,
  `mac` varchar(100) NOT NULL,
  `descripcion` varchar(255) DEFAULT NULL,
  `ubicacion` varchar(255) DEFAULT NULL,
  `lat` decimal(10,8) DEFAULT NULL,
  `lng` decimal(11,8) DEFAULT NULL,
  `fecha_instalacion` date DEFAULT NULL,
  `activo` tinyint(1) NOT NULL DEFAULT 1,
  `created_at` timestamp NULL DEFAULT NULL,
  `updated_at` timestamp NULL DEFAULT NULL,
  PRIMARY KEY (`id`),
  UNIQUE KEY `equipos_mac_unique` (`mac`),
  KEY `equipos_user_id_foreign` (`user_id`),
  CONSTRAINT `equipos_user_id_foreign` FOREIGN KEY (`user_id`) REFERENCES `users` (`id`) ON DELETE CASCADE
) ENGINE=InnoDB AUTO_INCREMENT=4 DEFAULT CHARSET=utf8mb4 COLLATE=utf8mb4_unicode_ci;

#
# Data for table "equipos"
#

INSERT INTO `equipos` VALUES (1,3,'1234567','Instalado','Sipe Sipe',-17.40283093,-66.32224529,'2025-09-25',1,'2025-10-04 23:04:45','2025-10-04 23:04:45'),(2,5,'B0:A7:32:15:E0:AC','para beimar','Sipe Sipe',-17.39300000,-66.15600000,'2025-10-04',1,'2025-10-05 00:39:45','2025-10-05 00:39:45'),(3,4,'jhjhjgh',NULL,'Sipe Sipe',-17.38126816,-66.28338284,'2025-09-14',1,'2025-10-05 22:23:33','2025-10-05 22:23:33');

#
# Structure for table "reporte_equipos"
#

DROP TABLE IF EXISTS `reporte_equipos`;
CREATE TABLE `reporte_equipos` (
  `id` bigint(20) unsigned NOT NULL AUTO_INCREMENT,
  `equipo_id` bigint(20) unsigned NOT NULL,
  `tipo_accion` varchar(50) NOT NULL,
  `valor` varchar(255) DEFAULT NULL,
  `estado` tinyint(4) NOT NULL DEFAULT 1,
  `created_at` timestamp NULL DEFAULT NULL,
  `updated_at` timestamp NULL DEFAULT NULL,
  PRIMARY KEY (`id`),
  KEY `reporte_equipos_equipo_id_foreign` (`equipo_id`),
  CONSTRAINT `reporte_equipos_equipo_id_foreign` FOREIGN KEY (`equipo_id`) REFERENCES `equipos` (`id`) ON DELETE CASCADE
) ENGINE=InnoDB AUTO_INCREMENT=889 DEFAULT CHARSET=utf8mb4 COLLATE=utf8mb4_unicode_ci;

#
# Data for table "reporte_equipos"
#

INSERT INTO `reporte_equipos` VALUES (1,2,'lectura_sensor','4095',1,'2025-10-07 00:24:57','2025-10-07 00:24:57'),(2,2,'lectura_sensor','4095',1,'2025-10-07 00:25:01','2025-10-07 00:25:01'),(3,2,'lectura_sensor','4095',1,'2025-10-07 00:25:03','2025-10-07 00:25:03'),(4,2,'lectura_sensor','4095',1,'2025-10-07 00:25:07','2025-10-07 00:25:07'),(5,2,'lectura_sensor','4095',1,'2025-10-07 00:25:10','2025-10-07 00:25:10'),(6,2,'lectura_sensor','4095',1,'2025-10-07 00:25:13','2025-10-07 00:25:13'),(7,2,'lectura_sensor','4095',1,'2025-10-07 00:25:15','2025-10-07 00:25:15'),(8,2,'lectura_sensor','4095',1,'2025-10-07 00:25:18','2025-10-07 00:25:18'),(9,2,'lectura_sensor','4095',1,'2025-10-07 00:25:21','2025-10-07 00:25:21'),(10,2,'lectura_sensor','4095',1,'2025-10-07 00:25:24','2025-10-07 00:25:24'),(11,2,'lectura_sensor','4095',1,'2025-10-07 00:25:27','2025-10-07 00:25:27'),(12,2,'lectura_sensor','4095',1,'2025-10-07 00:25:30','2025-10-07 00:25:30'),(13,2,'lectura_sensor','4095',1,'2025-10-07 00:25:33','2025-10-07 00:25:33'),(14,2,'lectura_sensor','4095',1,'2025-10-07 00:25:36','2025-10-07 00:25:36'),(15,2,'lectura_sensor','4095',1,'2025-10-07 00:25:39','2025-10-07 00:25:39'),(16,2,'lectura_sensor','4095',1,'2025-10-07 00:25:43','2025-10-07 00:25:43'),(17,2,'lectura_sensor','4095',1,'2025-10-07 00:25:45','2025-10-07 00:25:45'),(18,2,'lectura_sensor','4095',1,'2025-10-07 00:25:48','2025-10-07 00:25:48'),(19,2,'lectura_sensor','4095',1,'2025-10-07 00:25:52','2025-10-07 00:25:52'),(20,2,'lectura_sensor','4095',1,'2025-10-07 00:25:55','2025-10-07 00:25:55'),(21,2,'lectura_sensor','4095',1,'2025-10-07 00:25:58','2025-10-07 00:25:58'),(22,2,'lectura_sensor','4095',1,'2025-10-07 00:26:01','2025-10-07 00:26:01'),(23,2,'lectura_sensor','4095',1,'2025-10-07 00:26:03','2025-10-07 00:26:03'),(24,2,'lectura_sensor','4095',1,'2025-10-07 00:26:07','2025-10-07 00:26:07'),(25,2,'lectura_sensor','4095',1,'2025-10-07 00:26:10','2025-10-07 00:26:10'),(26,2,'lectura_sensor','4095',1,'2025-10-07 00:26:13','2025-10-07 00:26:13'),(27,2,'lectura_sensor','4095',1,'2025-10-07 00:26:16','2025-10-07 00:26:16'),(28,2,'lectura_sensor','4095',1,'2025-10-07 00:26:19','2025-10-07 00:26:19'),(29,2,'lectura_sensor','4095',1,'2025-10-07 00:26:22','2025-10-07 00:26:22'),(30,2,'lectura_sensor','4095',1,'2025-10-07 00:26:25','2025-10-07 00:26:25'),(31,2,'lectura_sensor','4095',1,'2025-10-07 00:26:28','2025-10-07 00:26:28'),(32,2,'lectura_sensor','4095',1,'2025-10-07 00:26:32','2025-10-07 00:26:32'),(33,2,'lectura_sensor','4095',1,'2025-10-07 00:26:34','2025-10-07 00:26:34'),(34,2,'lectura_sensor','4095',1,'2025-10-07 00:26:37','2025-10-07 00:26:37'),(35,2,'lectura_sensor','4095',1,'2025-10-07 00:26:40','2025-10-07 00:26:40'),(36,2,'lectura_sensor','4095',1,'2025-10-07 00:26:44','2025-10-07 00:26:44'),(37,2,'lectura_sensor','4095',1,'2025-10-07 00:26:47','2025-10-07 00:26:47'),(38,2,'lectura_sensor','4095',1,'2025-10-07 00:26:50','2025-10-07 00:26:50'),(39,2,'lectura_sensor','4095',1,'2025-10-07 00:26:53','2025-10-07 00:26:53'),(40,2,'lectura_sensor','4095',1,'2025-10-07 00:26:56','2025-10-07 00:26:56'),(41,2,'lectura_sensor','4095',1,'2025-10-07 00:26:59','2025-10-07 00:26:59'),(42,2,'lectura_sensor','4095',1,'2025-10-07 00:27:02','2025-10-07 00:27:02'),(43,2,'lectura_sensor','4095',1,'2025-10-07 00:27:05','2025-10-07 00:27:05'),(44,2,'lectura_sensor','4095',1,'2025-10-07 00:27:08','2025-10-07 00:27:08'),(45,2,'lectura_sensor','4095',1,'2025-10-07 00:27:11','2025-10-07 00:27:11'),(46,2,'lectura_sensor','4095',1,'2025-10-07 00:27:13','2025-10-07 00:27:13'),(47,2,'lectura_sensor','4095',1,'2025-10-07 00:27:17','2025-10-07 00:27:17'),(48,2,'lectura_sensor','4095',1,'2025-10-07 00:27:20','2025-10-07 00:27:20'),(49,2,'lectura_sensor','4095',1,'2025-10-07 00:27:23','2025-10-07 00:27:23'),(50,2,'lectura_sensor','4095',1,'2025-10-07 00:27:26','2025-10-07 00:27:26'),(51,2,'lectura_sensor','4095',1,'2025-10-07 00:27:29','2025-10-07 00:27:29'),(52,2,'lectura_sensor','4095',1,'2025-10-07 00:27:32','2025-10-07 00:27:32'),(53,2,'lectura_sensor','4095',1,'2025-10-07 00:27:35','2025-10-07 00:27:35'),(54,2,'lectura_sensor','4095',1,'2025-10-07 00:27:38','2025-10-07 00:27:38'),(55,2,'lectura_sensor','4095',1,'2025-10-07 00:27:40','2025-10-07 00:27:40'),(56,2,'lectura_sensor','4095',1,'2025-10-07 00:27:43','2025-10-07 00:27:43'),(57,2,'lectura_sensor','4095',1,'2025-10-07 00:27:46','2025-10-07 00:27:46'),(58,2,'lectura_sensor','4095',1,'2025-10-07 00:27:49','2025-10-07 00:27:49'),(59,2,'lectura_sensor','1234',1,'2025-10-07 00:27:50','2025-10-07 00:27:50'),(60,2,'lectura_sensor','4095',1,'2025-10-07 00:27:52','2025-10-07 00:27:52'),(61,2,'lectura_sensor','4095',1,'2025-10-07 00:27:55','2025-10-07 00:27:55'),(62,2,'lectura_sensor','4095',1,'2025-10-07 00:27:58','2025-10-07 00:27:58'),(63,2,'lectura_sensor','4095',1,'2025-10-07 00:28:02','2025-10-07 00:28:02'),(64,2,'lectura_sensor','4095',1,'2025-10-07 00:28:05','2025-10-07 00:28:05'),(65,2,'lectura_sensor','4095',1,'2025-10-07 00:28:07','2025-10-07 00:28:07'),(66,2,'lectura_sensor','4095',1,'2025-10-07 00:28:10','2025-10-07 00:28:10'),(67,2,'lectura_sensor','4095',1,'2025-10-07 00:28:14','2025-10-07 00:28:14'),(68,2,'lectura_sensor','4095',1,'2025-10-07 00:28:17','2025-10-07 00:28:17'),(69,2,'lectura_sensor','4095',1,'2025-10-07 00:28:20','2025-10-07 00:28:20'),(70,2,'lectura_sensor','4095',1,'2025-10-07 00:28:23','2025-10-07 00:28:23'),(71,2,'lectura_sensor','1838',1,'2025-10-07 00:28:26','2025-10-07 00:28:26'),(72,2,'lectura_sensor','4031',1,'2025-10-07 00:28:29','2025-10-07 00:28:29'),(73,2,'lectura_sensor','4095',1,'2025-10-07 00:28:32','2025-10-07 00:28:32'),(74,2,'lectura_sensor','4095',1,'2025-10-07 00:28:34','2025-10-07 00:28:34'),(75,2,'lectura_sensor','4095',1,'2025-10-07 00:28:38','2025-10-07 00:28:38'),(76,2,'lectura_sensor','4095',1,'2025-10-07 00:28:40','2025-10-07 00:28:40'),(77,2,'lectura_sensor','4095',1,'2025-10-07 00:28:44','2025-10-07 00:28:44'),(78,2,'lectura_sensor','4095',1,'2025-10-07 00:28:47','2025-10-07 00:28:47'),(79,2,'lectura_sensor','4095',1,'2025-10-07 00:28:50','2025-10-07 00:28:50'),(80,2,'lectura_sensor','4095',1,'2025-10-07 00:28:53','2025-10-07 00:28:53'),(81,2,'lectura_sensor','4095',1,'2025-10-07 00:28:56','2025-10-07 00:28:56'),(82,2,'lectura_sensor','4095',1,'2025-10-07 00:28:58','2025-10-07 00:28:58'),(83,2,'lectura_sensor','4095',1,'2025-10-07 00:29:02','2025-10-07 00:29:02'),(84,2,'lectura_sensor','4095',1,'2025-10-07 00:29:05','2025-10-07 00:29:05'),(85,2,'lectura_sensor','4095',1,'2025-10-07 00:29:08','2025-10-07 00:29:08'),(86,2,'lectura_sensor','4095',1,'2025-10-07 00:29:10','2025-10-07 00:29:10'),(87,2,'lectura_sensor','4095',1,'2025-10-07 00:29:13','2025-10-07 00:29:13'),(88,2,'lectura_sensor','4095',1,'2025-10-07 00:29:16','2025-10-07 00:29:16'),(89,2,'lectura_sensor','4095',1,'2025-10-07 00:29:19','2025-10-07 00:29:19'),(90,2,'lectura_sensor','4095',1,'2025-10-07 00:29:22','2025-10-07 00:29:22'),(91,2,'lectura_sensor','4095',1,'2025-10-07 00:29:25','2025-10-07 00:29:25'),(92,2,'lectura_sensor','4095',1,'2025-10-07 00:29:28','2025-10-07 00:29:28'),(93,2,'lectura_sensor','4095',1,'2025-10-07 00:29:32','2025-10-07 00:29:32'),(94,2,'lectura_sensor','4095',1,'2025-10-07 00:29:36','2025-10-07 00:29:36'),(95,2,'lectura_sensor','4095',1,'2025-10-07 00:29:40','2025-10-07 00:29:40'),(96,2,'lectura_sensor','4095',1,'2025-10-07 00:29:42','2025-10-07 00:29:42'),(97,2,'lectura_sensor','4095',1,'2025-10-07 00:29:45','2025-10-07 00:29:45'),(98,2,'lectura_sensor','4095',1,'2025-10-07 00:29:49','2025-10-07 00:29:49'),(99,2,'lectura_sensor','4095',1,'2025-10-07 00:29:52','2025-10-07 00:29:52'),(100,2,'lectura_sensor','4095',1,'2025-10-07 00:29:56','2025-10-07 00:29:56'),(101,2,'lectura_sensor','4095',1,'2025-10-07 00:29:59','2025-10-07 00:29:59'),(102,2,'lectura_sensor','4095',1,'2025-10-07 00:30:02','2025-10-07 00:30:02'),(103,2,'lectura_sensor','4095',1,'2025-10-07 00:30:04','2025-10-07 00:30:04'),(104,2,'lectura_sensor','4095',1,'2025-10-07 00:30:07','2025-10-07 00:30:07'),(105,2,'lectura_sensor','4095',1,'2025-10-07 00:30:10','2025-10-07 00:30:10'),(106,2,'lectura_sensor','4095',1,'2025-10-07 00:30:13','2025-10-07 00:30:13'),(107,2,'lectura_sensor','4095',1,'2025-10-07 00:30:16','2025-10-07 00:30:16'),(108,2,'lectura_sensor','4095',1,'2025-10-07 00:30:19','2025-10-07 00:30:19'),(109,2,'lectura_sensor','4095',1,'2025-10-07 00:30:22','2025-10-07 00:30:22'),(110,2,'lectura_sensor','4095',1,'2025-10-07 00:30:24','2025-10-07 00:30:24'),(111,2,'lectura_sensor','4095',1,'2025-10-07 00:30:28','2025-10-07 00:30:28'),(112,2,'lectura_sensor','4095',1,'2025-10-07 00:30:31','2025-10-07 00:30:31'),(113,2,'lectura_sensor','4095',1,'2025-10-07 00:30:33','2025-10-07 00:30:33'),(114,2,'lectura_sensor','4095',1,'2025-10-07 00:30:36','2025-10-07 00:30:36'),(115,2,'lectura_sensor','4095',1,'2025-10-07 00:30:40','2025-10-07 00:30:40'),(116,2,'lectura_sensor','4095',1,'2025-10-07 00:30:42','2025-10-07 00:30:42'),(117,2,'lectura_sensor','4095',1,'2025-10-07 00:30:46','2025-10-07 00:30:46'),(118,2,'lectura_sensor','4095',1,'2025-10-07 00:30:49','2025-10-07 00:30:49'),(119,2,'lectura_sensor','4095',1,'2025-10-07 00:30:52','2025-10-07 00:30:52'),(120,2,'lectura_sensor','4095',1,'2025-10-07 00:30:54','2025-10-07 00:30:54'),(121,2,'lectura_sensor','4095',1,'2025-10-07 00:30:58','2025-10-07 00:30:58'),(122,2,'lectura_sensor','4095',1,'2025-10-07 00:31:01','2025-10-07 00:31:01'),(123,2,'lectura_sensor','4095',1,'2025-10-07 00:31:04','2025-10-07 00:31:04'),(124,2,'lectura_sensor','4095',1,'2025-10-07 00:31:07','2025-10-07 00:31:07'),(125,2,'lectura_sensor','4095',1,'2025-10-07 00:31:10','2025-10-07 00:31:10'),(126,2,'lectura_sensor','4095',1,'2025-10-07 00:31:13','2025-10-07 00:31:13'),(127,2,'lectura_sensor','4095',1,'2025-10-07 00:31:16','2025-10-07 00:31:16'),(128,2,'lectura_sensor','4095',1,'2025-10-07 00:31:20','2025-10-07 00:31:20'),(129,2,'lectura_sensor','4095',1,'2025-10-07 00:31:24','2025-10-07 00:31:24'),(130,2,'lectura_sensor','4095',1,'2025-10-07 00:31:27','2025-10-07 00:31:27'),(131,2,'lectura_sensor','4095',1,'2025-10-07 00:31:30','2025-10-07 00:31:30'),(132,2,'lectura_sensor','4095',1,'2025-10-07 00:31:33','2025-10-07 00:31:33'),(133,2,'lectura_sensor','4095',1,'2025-10-07 00:31:36','2025-10-07 00:31:36'),(134,2,'lectura_sensor','4095',1,'2025-10-07 00:31:40','2025-10-07 00:31:40'),(135,2,'lectura_sensor','4095',1,'2025-10-07 00:31:43','2025-10-07 00:31:43'),(136,2,'lectura_sensor','4095',1,'2025-10-07 00:31:46','2025-10-07 00:31:46'),(137,2,'lectura_sensor','4095',1,'2025-10-07 00:31:50','2025-10-07 00:31:50'),(138,2,'lectura_sensor','4095',1,'2025-10-07 00:31:53','2025-10-07 00:31:53'),(139,2,'lectura_sensor','4095',1,'2025-10-07 00:31:56','2025-10-07 00:31:56'),(140,2,'lectura_sensor','4095',1,'2025-10-07 00:31:59','2025-10-07 00:31:59'),(141,2,'lectura_sensor','4095',1,'2025-10-07 00:32:02','2025-10-07 00:32:02'),(142,2,'lectura_sensor','4095',1,'2025-10-07 00:32:05','2025-10-07 00:32:05'),(143,2,'lectura_sensor','4095',1,'2025-10-07 00:32:08','2025-10-07 00:32:08'),(144,2,'lectura_sensor','4095',1,'2025-10-07 00:32:11','2025-10-07 00:32:11'),(145,2,'lectura_sensor','4095',1,'2025-10-07 00:32:14','2025-10-07 00:32:14'),(146,2,'lectura_sensor','4095',1,'2025-10-07 00:32:17','2025-10-07 00:32:17'),(147,2,'lectura_sensor','4095',1,'2025-10-07 00:32:20','2025-10-07 00:32:20'),(148,2,'lectura_sensor','4095',1,'2025-10-07 00:32:23','2025-10-07 00:32:23'),(149,2,'lectura_sensor','4095',1,'2025-10-07 00:32:26','2025-10-07 00:32:26'),(150,2,'lectura_sensor','4095',1,'2025-10-07 00:32:29','2025-10-07 00:32:29'),(151,2,'lectura_sensor','4095',1,'2025-10-07 00:32:32','2025-10-07 00:32:32'),(152,2,'lectura_sensor','4095',1,'2025-10-07 00:32:36','2025-10-07 00:32:36'),(153,2,'lectura_sensor','4095',1,'2025-10-07 00:32:38','2025-10-07 00:32:38'),(154,2,'lectura_sensor','4095',1,'2025-10-07 00:32:42','2025-10-07 00:32:42'),(155,2,'lectura_sensor','4095',1,'2025-10-07 00:32:45','2025-10-07 00:32:45'),(156,2,'lectura_sensor','4095',1,'2025-10-07 00:32:48','2025-10-07 00:32:48'),(157,2,'lectura_sensor','4095',1,'2025-10-07 00:32:51','2025-10-07 00:32:51'),(158,2,'lectura_sensor','4095',1,'2025-10-07 00:32:55','2025-10-07 00:32:55'),(159,2,'lectura_sensor','4095',1,'2025-10-07 00:32:58','2025-10-07 00:32:58'),(160,2,'lectura_sensor','4095',1,'2025-10-07 00:33:01','2025-10-07 00:33:01'),(161,2,'lectura_sensor','4095',1,'2025-10-07 00:33:04','2025-10-07 00:33:04'),(162,2,'lectura_sensor','4095',1,'2025-10-07 00:33:07','2025-10-07 00:33:07'),(163,2,'lectura_sensor','4095',1,'2025-10-07 00:33:10','2025-10-07 00:33:10'),(164,2,'lectura_sensor','4095',1,'2025-10-07 00:33:14','2025-10-07 00:33:14'),(165,2,'lectura_sensor','4095',1,'2025-10-07 00:33:18','2025-10-07 00:33:18'),(166,2,'lectura_sensor','4095',1,'2025-10-07 00:33:22','2025-10-07 00:33:22'),(167,2,'lectura_sensor','4095',1,'2025-10-07 00:33:26','2025-10-07 00:33:26'),(168,2,'lectura_sensor','4095',1,'2025-10-07 00:33:33','2025-10-07 00:33:33'),(169,2,'lectura_sensor','4095',1,'2025-10-07 00:33:39','2025-10-07 00:33:39'),(170,2,'lectura_sensor','4095',1,'2025-10-07 00:33:44','2025-10-07 00:33:44'),(171,2,'lectura_sensor','4095',1,'2025-10-07 00:33:47','2025-10-07 00:33:47'),(172,2,'lectura_sensor','4095',1,'2025-10-07 00:33:50','2025-10-07 00:33:50'),(173,2,'lectura_sensor','4095',1,'2025-10-07 00:33:53','2025-10-07 00:33:53'),(174,2,'lectura_sensor','4095',1,'2025-10-07 00:33:57','2025-10-07 00:33:57'),(175,2,'lectura_sensor','4095',1,'2025-10-07 00:34:00','2025-10-07 00:34:00'),(176,2,'lectura_sensor','4095',1,'2025-10-07 00:34:04','2025-10-07 00:34:04'),(177,2,'lectura_sensor','4095',1,'2025-10-07 00:34:07','2025-10-07 00:34:07'),(178,2,'lectura_sensor','4095',1,'2025-10-07 00:34:10','2025-10-07 00:34:10'),(179,2,'lectura_sensor','4095',1,'2025-10-07 00:34:13','2025-10-07 00:34:13'),(180,2,'lectura_sensor','4095',1,'2025-10-07 00:34:16','2025-10-07 00:34:16'),(181,2,'lectura_sensor','4095',1,'2025-10-07 00:34:19','2025-10-07 00:34:19'),(182,2,'lectura_sensor','4095',1,'2025-10-07 00:34:22','2025-10-07 00:34:22'),(183,2,'lectura_sensor','4095',1,'2025-10-07 00:34:25','2025-10-07 00:34:25'),(184,2,'lectura_sensor','4095',1,'2025-10-07 00:34:28','2025-10-07 00:34:28'),(185,2,'lectura_sensor','4095',1,'2025-10-07 00:34:31','2025-10-07 00:34:31'),(186,2,'lectura_sensor','4095',1,'2025-10-07 00:34:34','2025-10-07 00:34:34'),(187,2,'lectura_sensor','4095',1,'2025-10-07 00:34:36','2025-10-07 00:34:36'),(188,2,'lectura_sensor','4095',1,'2025-10-07 00:34:40','2025-10-07 00:34:40'),(189,2,'lectura_sensor','4095',1,'2025-10-07 00:34:43','2025-10-07 00:34:43'),(190,2,'lectura_sensor','4095',1,'2025-10-07 00:34:46','2025-10-07 00:34:46'),(191,2,'lectura_sensor','4095',1,'2025-10-07 00:34:49','2025-10-07 00:34:49'),(192,2,'lectura_sensor','4095',1,'2025-10-07 00:34:52','2025-10-07 00:34:52'),(193,2,'lectura_sensor','4095',1,'2025-10-07 00:34:55','2025-10-07 00:34:55'),(194,2,'lectura_sensor','4095',1,'2025-10-07 00:34:58','2025-10-07 00:34:58'),(195,2,'lectura_sensor','4095',1,'2025-10-07 00:35:02','2025-10-07 00:35:02'),(196,2,'lectura_sensor','4095',1,'2025-10-07 00:35:05','2025-10-07 00:35:05'),(197,2,'lectura_sensor','4095',1,'2025-10-07 00:35:08','2025-10-07 00:35:08'),(198,2,'lectura_sensor','4095',1,'2025-10-07 00:35:11','2025-10-07 00:35:11'),(199,2,'lectura_sensor','4095',1,'2025-10-07 00:35:14','2025-10-07 00:35:14'),(200,2,'lectura_sensor','4095',1,'2025-10-07 00:35:16','2025-10-07 00:35:16'),(201,2,'lectura_sensor','4095',1,'2025-10-07 00:35:20','2025-10-07 00:35:20'),(202,2,'lectura_sensor','4095',1,'2025-10-07 00:35:23','2025-10-07 00:35:23'),(203,2,'lectura_sensor','4095',1,'2025-10-07 00:35:26','2025-10-07 00:35:26'),(204,2,'lectura_sensor','4095',1,'2025-10-07 00:35:29','2025-10-07 00:35:29'),(205,2,'lectura_sensor','4095',1,'2025-10-07 00:35:32','2025-10-07 00:35:32'),(206,2,'lectura_sensor','4095',1,'2025-10-07 00:35:35','2025-10-07 00:35:35'),(207,2,'lectura_sensor','4095',1,'2025-10-07 00:35:38','2025-10-07 00:35:38'),(208,2,'lectura_sensor','4095',1,'2025-10-07 00:35:40','2025-10-07 00:35:40'),(209,2,'lectura_sensor','4095',1,'2025-10-07 00:35:44','2025-10-07 00:35:44'),(210,2,'lectura_sensor','4095',1,'2025-10-07 00:35:47','2025-10-07 00:35:47'),(211,2,'lectura_sensor','4095',1,'2025-10-07 00:35:50','2025-10-07 00:35:50'),(212,2,'lectura_sensor','4095',1,'2025-10-07 00:35:53','2025-10-07 00:35:53'),(213,2,'lectura_sensor','4095',1,'2025-10-07 00:35:57','2025-10-07 00:35:57'),(214,2,'lectura_sensor','4095',1,'2025-10-07 00:36:00','2025-10-07 00:36:00'),(215,2,'lectura_sensor','4095',1,'2025-10-07 00:36:06','2025-10-07 00:36:06'),(216,2,'lectura_sensor','4095',1,'2025-10-07 00:36:12','2025-10-07 00:36:12'),(217,2,'lectura_sensor','4095',1,'2025-10-07 00:36:18','2025-10-07 00:36:18'),(218,2,'lectura_sensor','4095',1,'2025-10-07 00:36:23','2025-10-07 00:36:23'),(219,2,'lectura_sensor','4095',1,'2025-10-07 00:36:26','2025-10-07 00:36:26'),(220,2,'lectura_sensor','4095',1,'2025-10-07 00:36:29','2025-10-07 00:36:29'),(221,2,'lectura_sensor','4095',1,'2025-10-07 00:36:32','2025-10-07 00:36:32'),(222,2,'lectura_sensor','4095',1,'2025-10-07 00:36:36','2025-10-07 00:36:36'),(223,2,'lectura_sensor','4095',1,'2025-10-07 00:36:40','2025-10-07 00:36:40'),(224,2,'lectura_sensor','4095',1,'2025-10-07 00:36:44','2025-10-07 00:36:44'),(225,2,'lectura_sensor','4095',1,'2025-10-07 00:36:56','2025-10-07 00:36:56'),(226,2,'lectura_sensor','4095',1,'2025-10-07 00:37:00','2025-10-07 00:37:00'),(227,2,'lectura_sensor','4095',1,'2025-10-07 00:37:02','2025-10-07 00:37:02'),(228,2,'lectura_sensor','4095',1,'2025-10-07 00:37:06','2025-10-07 00:37:06'),(229,2,'lectura_sensor','4095',1,'2025-10-07 00:37:09','2025-10-07 00:37:09'),(230,2,'lectura_sensor','4095',1,'2025-10-07 00:37:12','2025-10-07 00:37:12'),(231,2,'lectura_sensor','4095',1,'2025-10-07 00:37:15','2025-10-07 00:37:15'),(232,2,'lectura_sensor','4095',1,'2025-10-07 00:37:18','2025-10-07 00:37:18'),(233,2,'lectura_sensor','4095',1,'2025-10-07 00:37:20','2025-10-07 00:37:20'),(234,2,'lectura_sensor','4095',1,'2025-10-07 00:37:24','2025-10-07 00:37:24'),(235,2,'lectura_sensor','4095',1,'2025-10-07 00:37:27','2025-10-07 00:37:27'),(236,2,'lectura_sensor','4095',1,'2025-10-07 00:37:30','2025-10-07 00:37:30'),(237,2,'lectura_sensor','4095',1,'2025-10-07 00:37:32','2025-10-07 00:37:32'),(238,2,'lectura_sensor','4095',1,'2025-10-07 00:37:36','2025-10-07 00:37:36'),(239,2,'lectura_sensor','4095',1,'2025-10-07 00:37:39','2025-10-07 00:37:39'),(240,2,'lectura_sensor','4095',1,'2025-10-07 00:37:42','2025-10-07 00:37:42'),(241,2,'lectura_sensor','4095',1,'2025-10-07 00:37:44','2025-10-07 00:37:44'),(242,2,'lectura_sensor','4095',1,'2025-10-07 00:37:47','2025-10-07 00:37:47'),(243,2,'lectura_sensor','4095',1,'2025-10-07 00:37:50','2025-10-07 00:37:50'),(244,2,'lectura_sensor','4095',1,'2025-10-07 00:37:53','2025-10-07 00:37:53'),(245,2,'lectura_sensor','4095',1,'2025-10-07 00:37:56','2025-10-07 00:37:56'),(246,2,'lectura_sensor','4095',1,'2025-10-07 00:37:58','2025-10-07 00:37:58'),(247,2,'lectura_sensor','4095',1,'2025-10-07 00:38:01','2025-10-07 00:38:01'),(248,2,'lectura_sensor','4095',1,'2025-10-07 00:38:04','2025-10-07 00:38:04'),(249,2,'lectura_sensor','4095',1,'2025-10-07 00:38:06','2025-10-07 00:38:06'),(250,2,'lectura_sensor','4095',1,'2025-10-07 00:38:10','2025-10-07 00:38:10'),(251,2,'lectura_sensor','4095',1,'2025-10-07 00:38:12','2025-10-07 00:38:12'),(252,2,'lectura_sensor','4095',1,'2025-10-07 00:38:15','2025-10-07 00:38:15'),(253,2,'lectura_sensor','4095',1,'2025-10-07 00:38:18','2025-10-07 00:38:18'),(254,2,'lectura_sensor','4095',1,'2025-10-07 00:38:21','2025-10-07 00:38:21'),(255,2,'lectura_sensor','4095',1,'2025-10-07 00:38:24','2025-10-07 00:38:24'),(256,2,'lectura_sensor','4095',1,'2025-10-07 00:38:27','2025-10-07 00:38:27'),(257,2,'lectura_sensor','4095',1,'2025-10-07 00:38:30','2025-10-07 00:38:30'),(258,2,'lectura_sensor','4095',1,'2025-10-07 00:38:33','2025-10-07 00:38:33'),(259,2,'lectura_sensor','4095',1,'2025-10-07 00:38:36','2025-10-07 00:38:36'),(260,2,'lectura_sensor','4095',1,'2025-10-07 00:38:39','2025-10-07 00:38:39'),(261,2,'lectura_sensor','4095',1,'2025-10-07 00:38:42','2025-10-07 00:38:42'),(262,2,'lectura_sensor','4095',1,'2025-10-07 00:38:46','2025-10-07 00:38:46'),(263,2,'lectura_sensor','4095',1,'2025-10-07 00:38:49','2025-10-07 00:38:49'),(264,2,'lectura_sensor','4095',1,'2025-10-07 00:38:54','2025-10-07 00:38:54'),(265,2,'lectura_sensor','4095',1,'2025-10-07 00:39:00','2025-10-07 00:39:00'),(266,2,'lectura_sensor','4095',1,'2025-10-07 00:39:04','2025-10-07 00:39:04'),(267,2,'lectura_sensor','4095',1,'2025-10-07 00:39:07','2025-10-07 00:39:07'),(268,2,'lectura_sensor','4095',1,'2025-10-07 00:39:10','2025-10-07 00:39:10'),(269,2,'lectura_sensor','4095',1,'2025-10-07 00:39:13','2025-10-07 00:39:13'),(270,2,'lectura_sensor','4095',1,'2025-10-07 00:39:16','2025-10-07 00:39:16'),(271,2,'lectura_sensor','4095',1,'2025-10-07 00:39:19','2025-10-07 00:39:19'),(272,2,'lectura_sensor','4095',1,'2025-10-07 00:39:22','2025-10-07 00:39:22'),(273,2,'lectura_sensor','4095',1,'2025-10-07 00:39:25','2025-10-07 00:39:25'),(274,2,'lectura_sensor','4095',1,'2025-10-07 00:39:28','2025-10-07 00:39:28'),(275,2,'lectura_sensor','4095',1,'2025-10-07 00:39:32','2025-10-07 00:39:32'),(276,2,'lectura_sensor','4095',1,'2025-10-07 00:39:35','2025-10-07 00:39:35'),(277,2,'lectura_sensor','4095',1,'2025-10-07 00:39:39','2025-10-07 00:39:39'),(278,2,'lectura_sensor','4095',1,'2025-10-07 00:39:42','2025-10-07 00:39:42'),(279,2,'lectura_sensor','4095',1,'2025-10-07 00:39:45','2025-10-07 00:39:45'),(280,2,'lectura_sensor','4095',1,'2025-10-07 00:39:48','2025-10-07 00:39:48'),(281,2,'lectura_sensor','4095',1,'2025-10-07 00:39:52','2025-10-07 00:39:52'),(282,2,'lectura_sensor','4095',1,'2025-10-07 00:39:55','2025-10-07 00:39:55'),(283,2,'lectura_sensor','4095',1,'2025-10-07 00:39:58','2025-10-07 00:39:58'),(284,2,'lectura_sensor','4095',1,'2025-10-07 00:40:01','2025-10-07 00:40:01'),(285,2,'lectura_sensor','4095',1,'2025-10-07 00:40:05','2025-10-07 00:40:05'),(286,2,'lectura_sensor','4095',1,'2025-10-07 00:40:08','2025-10-07 00:40:08'),(287,2,'lectura_sensor','4095',1,'2025-10-07 00:40:11','2025-10-07 00:40:11'),(288,2,'lectura_sensor','4095',1,'2025-10-07 00:40:14','2025-10-07 00:40:14'),(289,2,'lectura_sensor','4095',1,'2025-10-07 00:40:18','2025-10-07 00:40:18'),(290,2,'lectura_sensor','4095',1,'2025-10-07 00:40:21','2025-10-07 00:40:21'),(291,2,'lectura_sensor','4095',1,'2025-10-07 00:40:24','2025-10-07 00:40:24'),(292,2,'lectura_sensor','4095',1,'2025-10-07 00:40:27','2025-10-07 00:40:27'),(293,2,'lectura_sensor','4095',1,'2025-10-07 00:40:30','2025-10-07 00:40:30'),(294,2,'lectura_sensor','4095',1,'2025-10-07 00:40:34','2025-10-07 00:40:34'),(295,2,'lectura_sensor','4095',1,'2025-10-07 00:40:38','2025-10-07 00:40:38'),(296,2,'lectura_sensor','4095',1,'2025-10-07 00:40:46','2025-10-07 00:40:46'),(297,2,'lectura_sensor','4095',1,'2025-10-07 00:40:53','2025-10-07 00:40:53'),(298,2,'lectura_sensor','4095',1,'2025-10-07 00:40:56','2025-10-07 00:40:56'),(299,2,'lectura_sensor','4095',1,'2025-10-07 00:41:03','2025-10-07 00:41:03'),(300,2,'lectura_sensor','4095',1,'2025-10-07 00:41:12','2025-10-07 00:41:12'),(301,2,'lectura_sensor','4095',1,'2025-10-07 00:41:17','2025-10-07 00:41:17'),(302,2,'lectura_sensor','4095',1,'2025-10-07 00:41:20','2025-10-07 00:41:20'),(303,2,'lectura_sensor','4095',1,'2025-10-07 00:41:24','2025-10-07 00:41:24'),(304,2,'lectura_sensor','4095',1,'2025-10-07 00:41:26','2025-10-07 00:41:26'),(305,2,'lectura_sensor','4095',1,'2025-10-07 00:41:29','2025-10-07 00:41:29'),(306,2,'lectura_sensor','4095',1,'2025-10-07 00:41:32','2025-10-07 00:41:32'),(307,2,'lectura_sensor','4095',1,'2025-10-07 00:41:36','2025-10-07 00:41:36'),(308,2,'lectura_sensor','4095',1,'2025-10-07 00:41:39','2025-10-07 00:41:39'),(309,2,'lectura_sensor','4095',1,'2025-10-07 00:41:43','2025-10-07 00:41:43'),(310,2,'lectura_sensor','4095',1,'2025-10-07 00:41:46','2025-10-07 00:41:46'),(311,2,'lectura_sensor','4095',1,'2025-10-07 00:42:18','2025-10-07 00:42:18'),(312,2,'lectura_sensor','4095',1,'2025-10-07 00:42:20','2025-10-07 00:42:20'),(313,2,'lectura_sensor','4095',1,'2025-10-07 00:42:21','2025-10-07 00:42:21'),(314,2,'lectura_sensor','4095',1,'2025-10-07 00:42:21','2025-10-07 00:42:21'),(315,2,'lectura_sensor','4095',1,'2025-10-07 00:42:22','2025-10-07 00:42:22'),(316,2,'lectura_sensor','4095',1,'2025-10-07 00:42:27','2025-10-07 00:42:27'),(317,2,'lectura_sensor','4095',1,'2025-10-07 00:42:31','2025-10-07 00:42:31'),(318,2,'lectura_sensor','4095',1,'2025-10-07 00:42:35','2025-10-07 00:42:35'),(319,2,'lectura_sensor','4095',1,'2025-10-07 00:42:40','2025-10-07 00:42:40'),(320,2,'lectura_sensor','4095',1,'2025-10-07 00:42:43','2025-10-07 00:42:43'),(321,2,'lectura_sensor','4095',1,'2025-10-07 00:42:47','2025-10-07 00:42:47'),(322,2,'lectura_sensor','4095',1,'2025-10-07 00:42:50','2025-10-07 00:42:50'),(323,2,'lectura_sensor','4095',1,'2025-10-07 00:42:53','2025-10-07 00:42:53'),(324,2,'lectura_sensor','4095',1,'2025-10-07 00:42:56','2025-10-07 00:42:56'),(325,2,'lectura_sensor','4095',1,'2025-10-07 00:42:59','2025-10-07 00:42:59'),(326,2,'lectura_sensor','4095',1,'2025-10-07 00:43:02','2025-10-07 00:43:02'),(327,2,'lectura_sensor','4095',1,'2025-10-07 00:43:05','2025-10-07 00:43:05'),(328,2,'lectura_sensor','4095',1,'2025-10-07 00:43:08','2025-10-07 00:43:08'),(329,2,'lectura_sensor','4095',1,'2025-10-07 00:43:11','2025-10-07 00:43:11'),(330,2,'lectura_sensor','4095',1,'2025-10-07 00:43:14','2025-10-07 00:43:14'),(331,2,'lectura_sensor','4095',1,'2025-10-07 00:43:17','2025-10-07 00:43:17'),(332,2,'lectura_sensor','4095',1,'2025-10-07 00:43:21','2025-10-07 00:43:21'),(333,2,'lectura_sensor','4095',1,'2025-10-07 00:43:24','2025-10-07 00:43:24'),(334,2,'lectura_sensor','4095',1,'2025-10-07 00:43:26','2025-10-07 00:43:26'),(335,2,'lectura_sensor','4095',1,'2025-10-07 00:43:29','2025-10-07 00:43:29'),(336,2,'lectura_sensor','4095',1,'2025-10-07 00:43:34','2025-10-07 00:43:34'),(337,2,'lectura_sensor','4095',1,'2025-10-07 00:43:37','2025-10-07 00:43:37'),(338,2,'lectura_sensor','4095',1,'2025-10-07 00:43:40','2025-10-07 00:43:40'),(339,2,'lectura_sensor','4095',1,'2025-10-07 00:43:43','2025-10-07 00:43:43'),(340,2,'lectura_sensor','4095',1,'2025-10-07 00:43:47','2025-10-07 00:43:47'),(341,2,'lectura_sensor','4095',1,'2025-10-07 00:43:50','2025-10-07 00:43:50'),(342,2,'lectura_sensor','4095',1,'2025-10-07 00:43:53','2025-10-07 00:43:53'),(343,2,'lectura_sensor','4095',1,'2025-10-07 00:43:56','2025-10-07 00:43:56'),(344,2,'lectura_sensor','4095',1,'2025-10-07 00:44:00','2025-10-07 00:44:00'),(345,2,'lectura_sensor','4095',1,'2025-10-07 00:44:03','2025-10-07 00:44:03'),(346,2,'lectura_sensor','4095',1,'2025-10-07 00:44:06','2025-10-07 00:44:06'),(347,2,'lectura_sensor','4095',1,'2025-10-07 00:44:09','2025-10-07 00:44:09'),(348,2,'lectura_sensor','4095',1,'2025-10-07 00:44:12','2025-10-07 00:44:12'),(349,2,'lectura_sensor','4095',1,'2025-10-07 00:44:15','2025-10-07 00:44:15'),(350,2,'lectura_sensor','4095',1,'2025-10-07 00:44:19','2025-10-07 00:44:19'),(351,2,'lectura_sensor','4095',1,'2025-10-07 00:44:21','2025-10-07 00:44:21'),(352,2,'lectura_sensor','4095',1,'2025-10-07 00:44:24','2025-10-07 00:44:24'),(353,2,'lectura_sensor','4095',1,'2025-10-07 00:44:27','2025-10-07 00:44:27'),(354,2,'lectura_sensor','4095',1,'2025-10-07 00:44:30','2025-10-07 00:44:30'),(355,2,'lectura_sensor','4095',1,'2025-10-07 00:44:33','2025-10-07 00:44:33'),(356,2,'lectura_sensor','4095',1,'2025-10-07 00:44:36','2025-10-07 00:44:36'),(357,2,'lectura_sensor','4095',1,'2025-10-07 00:44:40','2025-10-07 00:44:40'),(358,2,'lectura_sensor','4095',1,'2025-10-07 00:44:44','2025-10-07 00:44:44'),(359,2,'lectura_sensor','4095',1,'2025-10-07 00:44:48','2025-10-07 00:44:48'),(360,2,'lectura_sensor','4095',1,'2025-10-07 00:44:51','2025-10-07 00:44:51'),(361,2,'lectura_sensor','4095',1,'2025-10-07 00:44:55','2025-10-07 00:44:55'),(362,2,'lectura_sensor','4095',1,'2025-10-07 00:44:58','2025-10-07 00:44:58'),(363,2,'lectura_sensor','4095',1,'2025-10-07 00:45:01','2025-10-07 00:45:01'),(364,2,'lectura_sensor','4095',1,'2025-10-07 00:45:04','2025-10-07 00:45:04'),(365,2,'lectura_sensor','4095',1,'2025-10-07 00:45:07','2025-10-07 00:45:07'),(366,2,'lectura_sensor','4095',1,'2025-10-07 00:45:10','2025-10-07 00:45:10'),(367,2,'lectura_sensor','4095',1,'2025-10-07 00:45:13','2025-10-07 00:45:13'),(368,2,'lectura_sensor','4095',1,'2025-10-07 00:45:16','2025-10-07 00:45:16'),(369,2,'lectura_sensor','4095',1,'2025-10-07 00:45:19','2025-10-07 00:45:19'),(370,2,'lectura_sensor','4095',1,'2025-10-07 00:45:21','2025-10-07 00:45:21'),(371,2,'lectura_sensor','4095',1,'2025-10-07 00:45:24','2025-10-07 00:45:24'),(372,2,'lectura_sensor','4095',1,'2025-10-07 00:45:27','2025-10-07 00:45:27'),(373,2,'lectura_sensor','4095',1,'2025-10-07 00:45:30','2025-10-07 00:45:30'),(374,2,'lectura_sensor','4095',1,'2025-10-07 00:45:33','2025-10-07 00:45:33'),(375,2,'lectura_sensor','4095',1,'2025-10-07 00:45:36','2025-10-07 00:45:36'),(376,2,'lectura_sensor','4095',1,'2025-10-07 00:45:38','2025-10-07 00:45:38'),(377,2,'lectura_sensor','4095',1,'2025-10-07 00:45:42','2025-10-07 00:45:42'),(378,2,'lectura_sensor','4095',1,'2025-10-07 00:45:45','2025-10-07 00:45:45'),(379,2,'lectura_sensor','4095',1,'2025-10-07 00:45:48','2025-10-07 00:45:48'),(380,2,'lectura_sensor','4095',1,'2025-10-07 00:45:51','2025-10-07 00:45:51'),(381,2,'lectura_sensor','4095',1,'2025-10-07 00:45:54','2025-10-07 00:45:54'),(382,2,'lectura_sensor','4095',1,'2025-10-07 00:45:57','2025-10-07 00:45:57'),(383,2,'lectura_sensor','4095',1,'2025-10-07 00:46:00','2025-10-07 00:46:00'),(384,2,'lectura_sensor','4095',1,'2025-10-07 00:46:03','2025-10-07 00:46:03'),(385,2,'lectura_sensor','4095',1,'2025-10-07 00:46:06','2025-10-07 00:46:06'),(386,2,'lectura_sensor','4095',1,'2025-10-07 00:46:08','2025-10-07 00:46:08'),(387,2,'lectura_sensor','4095',1,'2025-10-07 00:46:12','2025-10-07 00:46:12'),(388,2,'lectura_sensor','4095',1,'2025-10-07 00:46:15','2025-10-07 00:46:15'),(389,2,'lectura_sensor','4095',1,'2025-10-07 00:46:17','2025-10-07 00:46:17'),(390,2,'lectura_sensor','4095',1,'2025-10-07 00:46:20','2025-10-07 00:46:20'),(391,2,'lectura_sensor','4095',1,'2025-10-07 00:46:24','2025-10-07 00:46:24'),(392,2,'lectura_sensor','4095',1,'2025-10-07 00:46:27','2025-10-07 00:46:27'),(393,2,'lectura_sensor','4095',1,'2025-10-07 00:46:30','2025-10-07 00:46:30'),(394,2,'lectura_sensor','4095',1,'2025-10-07 00:46:33','2025-10-07 00:46:33'),(395,2,'lectura_sensor','4095',1,'2025-10-07 00:46:36','2025-10-07 00:46:36'),(396,2,'lectura_sensor','4095',1,'2025-10-07 00:46:39','2025-10-07 00:46:39'),(397,2,'lectura_sensor','4095',1,'2025-10-07 00:46:42','2025-10-07 00:46:42'),(398,2,'lectura_sensor','4095',1,'2025-10-07 00:46:45','2025-10-07 00:46:45'),(399,2,'lectura_sensor','4095',1,'2025-10-07 00:46:48','2025-10-07 00:46:48'),(400,2,'lectura_sensor','4095',1,'2025-10-07 00:46:51','2025-10-07 00:46:51'),(401,2,'lectura_sensor','4095',1,'2025-10-07 00:46:54','2025-10-07 00:46:54'),(402,2,'lectura_sensor','4095',1,'2025-10-07 00:46:57','2025-10-07 00:46:57'),(403,2,'lectura_sensor','4095',1,'2025-10-07 00:47:01','2025-10-07 00:47:01'),(404,2,'lectura_sensor','4095',1,'2025-10-07 00:47:04','2025-10-07 00:47:04'),(405,2,'lectura_sensor','4095',1,'2025-10-07 00:47:08','2025-10-07 00:47:08'),(406,2,'lectura_sensor','4095',1,'2025-10-07 00:47:11','2025-10-07 00:47:11'),(407,2,'lectura_sensor','4095',1,'2025-10-07 00:47:14','2025-10-07 00:47:14'),(408,2,'lectura_sensor','4095',1,'2025-10-07 00:47:18','2025-10-07 00:47:18'),(409,2,'lectura_sensor','4095',1,'2025-10-07 00:47:20','2025-10-07 00:47:20'),(410,2,'lectura_sensor','4095',1,'2025-10-07 00:47:24','2025-10-07 00:47:24'),(411,2,'lectura_sensor','4095',1,'2025-10-07 00:47:27','2025-10-07 00:47:27'),(412,2,'lectura_sensor','4095',1,'2025-10-07 00:47:31','2025-10-07 00:47:31'),(413,2,'lectura_sensor','4095',1,'2025-10-07 00:47:34','2025-10-07 00:47:34'),(414,2,'lectura_sensor','4095',1,'2025-10-07 00:47:37','2025-10-07 00:47:37'),(415,2,'lectura_sensor','4095',1,'2025-10-07 00:47:40','2025-10-07 00:47:40'),(416,2,'lectura_sensor','4095',1,'2025-10-07 00:47:44','2025-10-07 00:47:44'),(417,2,'lectura_sensor','4095',1,'2025-10-07 00:47:47','2025-10-07 00:47:47'),(418,2,'lectura_sensor','4095',1,'2025-10-07 00:47:50','2025-10-07 00:47:50'),(419,2,'lectura_sensor','4095',1,'2025-10-07 00:47:53','2025-10-07 00:47:53'),(420,2,'lectura_sensor','4095',1,'2025-10-07 00:47:56','2025-10-07 00:47:56'),(421,2,'lectura_sensor','4095',1,'2025-10-07 00:47:59','2025-10-07 00:47:59'),(422,2,'lectura_sensor','4095',1,'2025-10-07 00:48:02','2025-10-07 00:48:02'),(423,2,'lectura_sensor','4095',1,'2025-10-07 00:48:06','2025-10-07 00:48:06'),(424,2,'lectura_sensor','4095',1,'2025-10-07 00:48:11','2025-10-07 00:48:11'),(425,2,'lectura_sensor','4095',1,'2025-10-07 00:48:14','2025-10-07 00:48:14'),(426,2,'lectura_sensor','4095',1,'2025-10-07 00:48:18','2025-10-07 00:48:18'),(427,2,'lectura_sensor','4095',1,'2025-10-07 00:48:21','2025-10-07 00:48:21'),(428,2,'lectura_sensor','4095',1,'2025-10-07 00:48:24','2025-10-07 00:48:24'),(429,2,'lectura_sensor','4095',1,'2025-10-07 00:48:26','2025-10-07 00:48:26'),(430,2,'lectura_sensor','4095',1,'2025-10-07 00:48:30','2025-10-07 00:48:30'),(431,2,'lectura_sensor','4095',1,'2025-10-07 00:48:33','2025-10-07 00:48:33'),(432,2,'lectura_sensor','4095',1,'2025-10-07 00:48:35','2025-10-07 00:48:35'),(433,2,'lectura_sensor','4095',1,'2025-10-07 00:48:38','2025-10-07 00:48:38'),(434,2,'lectura_sensor','4095',1,'2025-10-07 00:48:41','2025-10-07 00:48:41'),(435,2,'lectura_sensor','4095',1,'2025-10-07 00:48:44','2025-10-07 00:48:44'),(436,2,'lectura_sensor','4095',1,'2025-10-07 00:48:47','2025-10-07 00:48:47'),(437,2,'lectura_sensor','4095',1,'2025-10-07 00:48:50','2025-10-07 00:48:50'),(438,2,'lectura_sensor','4095',1,'2025-10-07 00:48:53','2025-10-07 00:48:53'),(439,2,'lectura_sensor','4095',1,'2025-10-07 00:48:56','2025-10-07 00:48:56'),(440,2,'lectura_sensor','4095',1,'2025-10-07 00:48:59','2025-10-07 00:48:59'),(441,2,'lectura_sensor','4095',1,'2025-10-07 00:49:03','2025-10-07 00:49:03'),(442,2,'lectura_sensor','4095',1,'2025-10-07 00:49:06','2025-10-07 00:49:06'),(443,2,'lectura_sensor','4095',1,'2025-10-07 00:49:09','2025-10-07 00:49:09'),(444,2,'lectura_sensor','4095',1,'2025-10-07 00:49:12','2025-10-07 00:49:12'),(445,2,'lectura_sensor','4095',1,'2025-10-07 00:49:15','2025-10-07 00:49:15'),(446,2,'lectura_sensor','4095',1,'2025-10-07 00:49:18','2025-10-07 00:49:18'),(447,2,'lectura_sensor','4095',1,'2025-10-07 00:49:22','2025-10-07 00:49:22'),(448,2,'lectura_sensor','4095',1,'2025-10-07 00:49:25','2025-10-07 00:49:25'),(449,2,'lectura_sensor','4095',1,'2025-10-07 00:49:29','2025-10-07 00:49:29'),(450,2,'lectura_sensor','4095',1,'2025-10-07 00:49:33','2025-10-07 00:49:33'),(451,2,'lectura_sensor','4095',1,'2025-10-07 00:49:36','2025-10-07 00:49:36'),(452,2,'lectura_sensor','4095',1,'2025-10-07 00:49:40','2025-10-07 00:49:40'),(453,2,'lectura_sensor','4095',1,'2025-10-07 00:49:43','2025-10-07 00:49:43'),(454,2,'lectura_sensor','4095',1,'2025-10-07 00:49:46','2025-10-07 00:49:46'),(455,2,'lectura_sensor','4095',1,'2025-10-07 00:49:49','2025-10-07 00:49:49'),(456,2,'lectura_sensor','4095',1,'2025-10-07 00:49:52','2025-10-07 00:49:52'),(457,2,'lectura_sensor','4095',1,'2025-10-07 00:49:54','2025-10-07 00:49:54'),(458,2,'lectura_sensor','4095',1,'2025-10-07 00:49:58','2025-10-07 00:49:58'),(459,2,'lectura_sensor','4095',1,'2025-10-07 00:50:01','2025-10-07 00:50:01'),(460,2,'lectura_sensor','4095',1,'2025-10-07 00:50:04','2025-10-07 00:50:04'),(461,2,'lectura_sensor','4095',1,'2025-10-07 00:50:07','2025-10-07 00:50:07'),(462,2,'lectura_sensor','4095',1,'2025-10-07 00:50:10','2025-10-07 00:50:10'),(463,2,'lectura_sensor','4095',1,'2025-10-07 00:50:13','2025-10-07 00:50:13'),(464,2,'lectura_sensor','4095',1,'2025-10-07 00:50:16','2025-10-07 00:50:16'),(465,2,'lectura_sensor','4095',1,'2025-10-07 00:50:19','2025-10-07 00:50:19'),(466,2,'lectura_sensor','4095',1,'2025-10-07 00:50:22','2025-10-07 00:50:22'),(467,2,'lectura_sensor','4095',1,'2025-10-07 00:50:26','2025-10-07 00:50:26'),(468,2,'lectura_sensor','4095',1,'2025-10-07 00:50:29','2025-10-07 00:50:29'),(469,2,'lectura_sensor','4095',1,'2025-10-07 00:50:32','2025-10-07 00:50:32'),(470,2,'lectura_sensor','3856',1,'2025-10-07 00:50:36','2025-10-07 00:50:36'),(471,2,'lectura_sensor','4095',1,'2025-10-07 00:50:39','2025-10-07 00:50:39'),(472,2,'lectura_sensor','4095',1,'2025-10-07 00:50:42','2025-10-07 00:50:42'),(473,2,'lectura_sensor','4095',1,'2025-10-07 00:50:45','2025-10-07 00:50:45'),(474,2,'lectura_sensor','4095',1,'2025-10-07 00:50:48','2025-10-07 00:50:48'),(475,2,'lectura_sensor','4095',1,'2025-10-07 00:50:51','2025-10-07 00:50:51'),(476,2,'lectura_sensor','4095',1,'2025-10-07 00:50:54','2025-10-07 00:50:54'),(477,2,'lectura_sensor','4095',1,'2025-10-07 00:50:58','2025-10-07 00:50:58'),(478,2,'lectura_sensor','4095',1,'2025-10-07 00:51:00','2025-10-07 00:51:00'),(479,2,'lectura_sensor','4095',1,'2025-10-07 00:51:04','2025-10-07 00:51:04'),(480,2,'lectura_sensor','4095',1,'2025-10-07 00:51:07','2025-10-07 00:51:07'),(481,2,'lectura_sensor','4095',1,'2025-10-07 00:51:10','2025-10-07 00:51:10'),(482,2,'lectura_sensor','4095',1,'2025-10-07 00:51:13','2025-10-07 00:51:13'),(483,2,'lectura_sensor','4095',1,'2025-10-07 00:51:18','2025-10-07 00:51:18'),(484,2,'lectura_sensor','944',1,'2025-10-07 00:51:22','2025-10-07 00:51:22'),(485,2,'lectura_sensor','1481',1,'2025-10-07 00:51:25','2025-10-07 00:51:25'),(486,2,'lectura_sensor','1351',1,'2025-10-07 00:51:28','2025-10-07 00:51:28'),(487,2,'lectura_sensor','4095',1,'2025-10-07 00:51:31','2025-10-07 00:51:31'),(488,2,'lectura_sensor','4095',1,'2025-10-07 00:51:34','2025-10-07 00:51:34'),(489,2,'lectura_sensor','4095',1,'2025-10-07 00:51:37','2025-10-07 00:51:37'),(490,2,'lectura_sensor','4095',1,'2025-10-07 00:51:40','2025-10-07 00:51:40'),(491,2,'lectura_sensor','4095',1,'2025-10-07 00:51:43','2025-10-07 00:51:43'),(492,2,'lectura_sensor','4095',1,'2025-10-07 00:51:46','2025-10-07 00:51:46'),(493,2,'lectura_sensor','4095',1,'2025-10-07 00:51:49','2025-10-07 00:51:49'),(494,2,'lectura_sensor','4095',1,'2025-10-07 00:51:52','2025-10-07 00:51:52'),(495,2,'lectura_sensor','4095',1,'2025-10-07 00:51:56','2025-10-07 00:51:56'),(496,2,'lectura_sensor','4095',1,'2025-10-07 00:51:58','2025-10-07 00:51:58'),(497,2,'lectura_sensor','4095',1,'2025-10-07 00:52:02','2025-10-07 00:52:02'),(498,2,'lectura_sensor','4095',1,'2025-10-07 00:52:05','2025-10-07 00:52:05'),(499,2,'lectura_sensor','4095',1,'2025-10-07 00:52:08','2025-10-07 00:52:08'),(500,2,'lectura_sensor','4095',1,'2025-10-07 00:52:11','2025-10-07 00:52:11'),(501,2,'lectura_sensor','4095',1,'2025-10-07 00:52:14','2025-10-07 00:52:14'),(502,2,'lectura_sensor','4095',1,'2025-10-07 00:52:16','2025-10-07 00:52:16'),(503,2,'lectura_sensor','4095',1,'2025-10-07 00:52:20','2025-10-07 00:52:20'),(504,2,'lectura_sensor','4095',1,'2025-10-07 00:52:22','2025-10-07 00:52:22'),(505,2,'lectura_sensor','4095',1,'2025-10-07 00:52:26','2025-10-07 00:52:26'),(506,2,'lectura_sensor','4095',1,'2025-10-07 00:52:29','2025-10-07 00:52:29'),(507,2,'lectura_sensor','4095',1,'2025-10-07 00:52:32','2025-10-07 00:52:32'),(508,2,'lectura_sensor','4095',1,'2025-10-07 00:52:35','2025-10-07 00:52:35'),(509,2,'lectura_sensor','4095',1,'2025-10-07 00:52:38','2025-10-07 00:52:38'),(510,2,'lectura_sensor','4095',1,'2025-10-07 00:52:41','2025-10-07 00:52:41'),(511,2,'lectura_sensor','4095',1,'2025-10-07 00:52:44','2025-10-07 00:52:44'),(512,2,'lectura_sensor','4095',1,'2025-10-07 00:52:47','2025-10-07 00:52:47'),(513,2,'lectura_sensor','4095',1,'2025-10-07 00:52:50','2025-10-07 00:52:50'),(514,2,'lectura_sensor','4095',1,'2025-10-07 00:52:53','2025-10-07 00:52:53'),(515,2,'lectura_sensor','4095',1,'2025-10-07 00:52:56','2025-10-07 00:52:56'),(516,2,'lectura_sensor','4095',1,'2025-10-07 00:53:00','2025-10-07 00:53:00'),(517,2,'lectura_sensor','4095',1,'2025-10-07 00:53:03','2025-10-07 00:53:03'),(518,2,'lectura_sensor','4095',1,'2025-10-07 00:53:09','2025-10-07 00:53:09'),(519,2,'lectura_sensor','4095',1,'2025-10-07 00:53:12','2025-10-07 00:53:12'),(520,2,'lectura_sensor','4095',1,'2025-10-07 00:53:16','2025-10-07 00:53:16'),(521,2,'lectura_sensor','4095',1,'2025-10-07 00:53:19','2025-10-07 00:53:19'),(522,2,'lectura_sensor','4095',1,'2025-10-07 00:53:22','2025-10-07 00:53:22'),(523,2,'lectura_sensor','4095',1,'2025-10-07 00:53:26','2025-10-07 00:53:26'),(524,2,'lectura_sensor','4095',1,'2025-10-07 00:53:29','2025-10-07 00:53:29'),(525,2,'lectura_sensor','4095',1,'2025-10-07 00:53:32','2025-10-07 00:53:32'),(526,2,'lectura_sensor','4095',1,'2025-10-07 00:53:35','2025-10-07 00:53:35'),(527,2,'lectura_sensor','4095',1,'2025-10-07 00:53:38','2025-10-07 00:53:38'),(528,2,'lectura_sensor','4095',1,'2025-10-07 00:53:40','2025-10-07 00:53:40'),(529,2,'lectura_sensor','4095',1,'2025-10-07 00:53:44','2025-10-07 00:53:44'),(530,2,'lectura_sensor','4095',1,'2025-10-07 00:53:47','2025-10-07 00:53:47'),(531,2,'lectura_sensor','4095',1,'2025-10-07 00:53:50','2025-10-07 00:53:50'),(532,2,'lectura_sensor','4095',1,'2025-10-07 00:53:53','2025-10-07 00:53:53'),(533,2,'lectura_sensor','4095',1,'2025-10-07 00:53:56','2025-10-07 00:53:56'),(534,2,'lectura_sensor','4095',1,'2025-10-07 00:53:59','2025-10-07 00:53:59'),(535,2,'lectura_sensor','4095',1,'2025-10-07 00:54:03','2025-10-07 00:54:03'),(536,2,'lectura_sensor','4095',1,'2025-10-07 00:54:07','2025-10-07 00:54:07'),(537,2,'lectura_sensor','4095',1,'2025-10-07 00:54:12','2025-10-07 00:54:12'),(538,2,'lectura_sensor','4095',1,'2025-10-07 00:54:16','2025-10-07 00:54:16'),(539,2,'lectura_sensor','4095',1,'2025-10-07 00:54:22','2025-10-07 00:54:22'),(540,2,'lectura_sensor','4095',1,'2025-10-07 00:54:26','2025-10-07 00:54:26'),(541,2,'lectura_sensor','4095',1,'2025-10-07 00:54:30','2025-10-07 00:54:30'),(542,2,'lectura_sensor','4095',1,'2025-10-07 00:54:33','2025-10-07 00:54:33'),(543,2,'lectura_sensor','4095',1,'2025-10-07 00:54:37','2025-10-07 00:54:37'),(544,2,'lectura_sensor','4095',1,'2025-10-07 00:54:40','2025-10-07 00:54:40'),(545,2,'lectura_sensor','4095',1,'2025-10-07 00:54:44','2025-10-07 00:54:44'),(546,2,'lectura_sensor','4095',1,'2025-10-07 00:54:48','2025-10-07 00:54:48'),(547,2,'lectura_sensor','4095',1,'2025-10-07 00:54:50','2025-10-07 00:54:50'),(548,2,'lectura_sensor','4095',1,'2025-10-07 00:54:54','2025-10-07 00:54:54'),(549,2,'lectura_sensor','4095',1,'2025-10-07 00:54:58','2025-10-07 00:54:58'),(550,2,'lectura_sensor','4095',1,'2025-10-07 00:55:02','2025-10-07 00:55:02'),(551,2,'lectura_sensor','4095',1,'2025-10-07 00:55:06','2025-10-07 00:55:06'),(552,2,'lectura_sensor','3319',1,'2025-10-14 15:41:09','2025-10-14 15:41:09'),(553,2,'lectura_sensor','3319',1,'2025-10-14 15:41:13','2025-10-14 15:41:13'),(554,2,'lectura_sensor','3314',1,'2025-10-14 15:41:16','2025-10-14 15:41:16'),(555,2,'lectura_sensor','3327',1,'2025-10-14 15:41:19','2025-10-14 15:41:19'),(556,2,'lectura_sensor','3174',1,'2025-10-14 15:41:52','2025-10-14 15:41:52'),(557,2,'lectura_sensor','3203',1,'2025-10-14 15:41:56','2025-10-14 15:41:56'),(558,2,'lectura_sensor','3219',1,'2025-10-14 15:41:59','2025-10-14 15:41:59'),(559,2,'lectura_sensor','3238',1,'2025-10-14 15:42:03','2025-10-14 15:42:03'),(560,2,'lectura_sensor','3248',1,'2025-10-14 15:42:07','2025-10-14 15:42:07'),(561,2,'lectura_sensor','3260',1,'2025-10-14 15:42:10','2025-10-14 15:42:10'),(562,2,'lectura_sensor','3265',1,'2025-10-14 15:42:14','2025-10-14 15:42:14'),(563,2,'lectura_sensor','3263',1,'2025-10-14 15:42:17','2025-10-14 15:42:17'),(564,2,'lectura_sensor','3278',1,'2025-10-14 15:42:20','2025-10-14 15:42:20'),(565,2,'lectura_sensor','3287',1,'2025-10-14 15:42:23','2025-10-14 15:42:23'),(566,2,'lectura_sensor','3290',1,'2025-10-14 15:42:26','2025-10-14 15:42:26'),(567,2,'lectura_sensor','3280',1,'2025-10-14 15:42:29','2025-10-14 15:42:29'),(568,2,'lectura_sensor','3292',1,'2025-10-14 15:42:33','2025-10-14 15:42:33'),(569,2,'lectura_sensor','3284',1,'2025-10-14 15:42:36','2025-10-14 15:42:36'),(570,2,'lectura_sensor','3297',1,'2025-10-14 15:42:39','2025-10-14 15:42:39'),(571,2,'lectura_sensor','3290',1,'2025-10-14 15:42:42','2025-10-14 15:42:42'),(572,2,'lectura_sensor','3315',1,'2025-10-14 15:42:46','2025-10-14 15:42:46'),(573,2,'lectura_sensor','3325',1,'2025-10-14 15:42:49','2025-10-14 15:42:49'),(574,2,'lectura_sensor','3309',1,'2025-10-14 15:42:52','2025-10-14 15:42:52'),(575,2,'lectura_sensor','3315',1,'2025-10-14 15:42:55','2025-10-14 15:42:55'),(576,2,'lectura_sensor','3309',1,'2025-10-14 15:42:59','2025-10-14 15:42:59'),(577,2,'lectura_sensor','3313',1,'2025-10-14 15:43:02','2025-10-14 15:43:02'),(578,2,'lectura_sensor','3290',1,'2025-10-14 15:43:05','2025-10-14 15:43:05'),(579,2,'lectura_sensor','3312',1,'2025-10-14 15:43:08','2025-10-14 15:43:08'),(580,2,'lectura_sensor','3321',1,'2025-10-14 15:43:11','2025-10-14 15:43:11'),(581,2,'lectura_sensor','3312',1,'2025-10-14 15:43:14','2025-10-14 15:43:14'),(582,2,'lectura_sensor','3312',1,'2025-10-14 15:43:17','2025-10-14 15:43:17'),(583,2,'lectura_sensor','3326',1,'2025-10-14 15:43:20','2025-10-14 15:43:20'),(584,2,'lectura_sensor','3316',1,'2025-10-14 15:43:24','2025-10-14 15:43:24'),(585,2,'lectura_sensor','3306',1,'2025-10-14 15:43:27','2025-10-14 15:43:27'),(586,2,'lectura_sensor','3312',1,'2025-10-14 15:43:30','2025-10-14 15:43:30'),(587,2,'lectura_sensor','3312',1,'2025-10-14 15:43:33','2025-10-14 15:43:33'),(588,2,'lectura_sensor','3303',1,'2025-10-14 15:43:36','2025-10-14 15:43:36'),(589,2,'lectura_sensor','3301',1,'2025-10-14 15:43:39','2025-10-14 15:43:39'),(590,2,'lectura_sensor','3302',1,'2025-10-14 15:43:42','2025-10-14 15:43:42'),(591,2,'lectura_sensor','3303',1,'2025-10-14 15:43:45','2025-10-14 15:43:45'),(592,2,'lectura_sensor','3306',1,'2025-10-14 15:43:48','2025-10-14 15:43:48'),(593,2,'lectura_sensor','3312',1,'2025-10-14 15:43:51','2025-10-14 15:43:51'),(594,2,'lectura_sensor','3309',1,'2025-10-14 15:43:54','2025-10-14 15:43:54'),(595,2,'lectura_sensor','3312',1,'2025-10-14 15:43:57','2025-10-14 15:43:57'),(596,2,'lectura_sensor','3311',1,'2025-10-14 15:44:01','2025-10-14 15:44:01'),(597,2,'lectura_sensor','3302',1,'2025-10-14 15:44:04','2025-10-14 15:44:04'),(598,2,'lectura_sensor','3307',1,'2025-10-14 15:44:07','2025-10-14 15:44:07'),(599,2,'lectura_sensor','3315',1,'2025-10-14 15:44:10','2025-10-14 15:44:10'),(600,2,'lectura_sensor','3299',1,'2025-10-14 15:44:14','2025-10-14 15:44:14'),(601,2,'lectura_sensor','3315',1,'2025-10-14 15:44:17','2025-10-14 15:44:17'),(602,2,'lectura_sensor','3312',1,'2025-10-14 15:44:21','2025-10-14 15:44:21'),(603,2,'lectura_sensor','3318',1,'2025-10-14 15:44:25','2025-10-14 15:44:25'),(604,2,'lectura_sensor','3311',1,'2025-10-14 15:44:28','2025-10-14 15:44:28'),(605,2,'lectura_sensor','3321',1,'2025-10-14 15:44:32','2025-10-14 15:44:32'),(606,2,'lectura_sensor','3317',1,'2025-10-14 15:44:36','2025-10-14 15:44:36'),(607,2,'lectura_sensor','3318',1,'2025-10-14 15:44:39','2025-10-14 15:44:39'),(608,2,'lectura_sensor','3312',1,'2025-10-14 15:44:43','2025-10-14 15:44:43'),(609,2,'lectura_sensor','3312',1,'2025-10-14 15:44:47','2025-10-14 15:44:47'),(610,2,'lectura_sensor','3311',1,'2025-10-14 15:44:50','2025-10-14 15:44:50'),(611,2,'lectura_sensor','3318',1,'2025-10-14 15:44:57','2025-10-14 15:44:57'),(612,2,'lectura_sensor','3313',1,'2025-10-14 15:45:02','2025-10-14 15:45:02'),(613,2,'lectura_sensor','3311',1,'2025-10-14 15:45:06','2025-10-14 15:45:06'),(614,2,'lectura_sensor','3313',1,'2025-10-14 15:45:09','2025-10-14 15:45:09'),(615,2,'lectura_sensor','3309',1,'2025-10-14 15:45:12','2025-10-14 15:45:12'),(616,2,'lectura_sensor','3312',1,'2025-10-14 15:45:15','2025-10-14 15:45:15'),(617,2,'lectura_sensor','3312',1,'2025-10-14 15:45:18','2025-10-14 15:45:18'),(618,2,'lectura_sensor','3334',1,'2025-10-14 15:45:21','2025-10-14 15:45:21'),(619,2,'lectura_sensor','3319',1,'2025-10-14 15:45:24','2025-10-14 15:45:24'),(620,2,'lectura_sensor','3306',1,'2025-10-14 15:45:27','2025-10-14 15:45:27'),(621,2,'lectura_sensor','3322',1,'2025-10-14 15:45:31','2025-10-14 15:45:31'),(622,2,'lectura_sensor','3310',1,'2025-10-14 15:45:34','2025-10-14 15:45:34'),(623,2,'lectura_sensor','3312',1,'2025-10-14 15:45:37','2025-10-14 15:45:37'),(624,2,'lectura_sensor','3321',1,'2025-10-14 15:45:40','2025-10-14 15:45:40'),(625,2,'lectura_sensor','3317',1,'2025-10-14 15:45:43','2025-10-14 15:45:43'),(626,2,'lectura_sensor','3327',1,'2025-10-14 15:45:47','2025-10-14 15:45:47'),(627,2,'lectura_sensor','3326',1,'2025-10-14 15:46:08','2025-10-14 15:46:08'),(628,2,'lectura_sensor','3315',1,'2025-10-14 15:46:11','2025-10-14 15:46:11'),(629,2,'lectura_sensor','3324',1,'2025-10-14 15:46:15','2025-10-14 15:46:15'),(630,2,'lectura_sensor','3312',1,'2025-10-14 15:46:18','2025-10-14 15:46:18'),(631,2,'lectura_sensor','3312',1,'2025-10-14 15:46:21','2025-10-14 15:46:21'),(632,2,'lectura_sensor','3358',1,'2025-10-14 15:46:24','2025-10-14 15:46:24'),(633,2,'lectura_sensor','3330',1,'2025-10-14 15:46:27','2025-10-14 15:46:27'),(634,2,'lectura_sensor','3326',1,'2025-10-14 15:46:29','2025-10-14 15:46:29'),(635,2,'lectura_sensor','3318',1,'2025-10-14 15:46:32','2025-10-14 15:46:32'),(636,2,'lectura_sensor','3312',1,'2025-10-14 15:46:35','2025-10-14 15:46:35'),(637,2,'lectura_sensor','3312',1,'2025-10-14 15:46:37','2025-10-14 15:46:37'),(638,2,'lectura_sensor','3312',1,'2025-10-14 15:46:40','2025-10-14 15:46:40'),(639,2,'lectura_sensor','3303',1,'2025-10-14 15:46:43','2025-10-14 15:46:43'),(640,2,'lectura_sensor','3334',1,'2025-10-14 15:46:46','2025-10-14 15:46:46'),(641,2,'lectura_sensor','3312',1,'2025-10-14 15:46:49','2025-10-14 15:46:49'),(642,2,'lectura_sensor','3318',1,'2025-10-14 15:46:52','2025-10-14 15:46:52'),(643,2,'lectura_sensor','3327',1,'2025-10-14 15:46:55','2025-10-14 15:46:55'),(644,2,'lectura_sensor','3325',1,'2025-10-14 15:46:58','2025-10-14 15:46:58'),(645,2,'lectura_sensor','3312',1,'2025-10-14 15:47:01','2025-10-14 15:47:01'),(646,2,'lectura_sensor','3324',1,'2025-10-14 15:47:04','2025-10-14 15:47:04'),(647,2,'lectura_sensor','3307',1,'2025-10-14 15:47:07','2025-10-14 15:47:07'),(648,2,'lectura_sensor','3305',1,'2025-10-14 15:47:10','2025-10-14 15:47:10'),(649,2,'lectura_sensor','3310',1,'2025-10-14 15:47:12','2025-10-14 15:47:12'),(650,2,'lectura_sensor','3313',1,'2025-10-14 15:47:15','2025-10-14 15:47:15'),(651,2,'lectura_sensor','3312',1,'2025-10-14 15:47:18','2025-10-14 15:47:18'),(652,2,'lectura_sensor','3314',1,'2025-10-14 15:47:21','2025-10-14 15:47:21'),(653,2,'lectura_sensor','3311',1,'2025-10-14 15:47:24','2025-10-14 15:47:24'),(654,2,'lectura_sensor','3312',1,'2025-10-14 15:47:28','2025-10-14 15:47:28'),(655,2,'lectura_sensor','3323',1,'2025-10-14 15:47:31','2025-10-14 15:47:31'),(656,2,'lectura_sensor','3312',1,'2025-10-14 15:47:34','2025-10-14 15:47:34'),(657,2,'lectura_sensor','3305',1,'2025-10-14 15:47:37','2025-10-14 15:47:37'),(658,2,'lectura_sensor','3313',1,'2025-10-14 15:47:40','2025-10-14 15:47:40'),(659,2,'lectura_sensor','3319',1,'2025-10-14 15:47:45','2025-10-14 15:47:45'),(660,2,'lectura_sensor','3317',1,'2025-10-14 15:47:49','2025-10-14 15:47:49'),(661,2,'lectura_sensor','1911',1,'2025-10-14 15:47:52','2025-10-14 15:47:52'),(662,2,'lectura_sensor','1971',1,'2025-10-14 15:47:55','2025-10-14 15:47:55'),(663,2,'lectura_sensor','2593',1,'2025-10-14 15:47:58','2025-10-14 15:47:58'),(664,2,'lectura_sensor','1883',1,'2025-10-14 15:48:01','2025-10-14 15:48:01'),(665,2,'lectura_sensor','2518',1,'2025-10-14 15:48:03','2025-10-14 15:48:03'),(666,2,'lectura_sensor','4095',1,'2025-10-14 15:48:06','2025-10-14 15:48:06'),(667,2,'lectura_sensor','2559',1,'2025-10-14 15:48:09','2025-10-14 15:48:09'),(668,2,'lectura_sensor','1938',1,'2025-10-14 15:48:13','2025-10-14 15:48:13'),(669,2,'lectura_sensor','1827',1,'2025-10-14 15:48:16','2025-10-14 15:48:16'),(670,2,'lectura_sensor','1886',1,'2025-10-14 15:48:20','2025-10-14 15:48:20'),(671,2,'lectura_sensor','1857',1,'2025-10-14 15:48:24','2025-10-14 15:48:24'),(672,2,'lectura_sensor','1895',1,'2025-10-14 15:48:27','2025-10-14 15:48:27'),(673,2,'lectura_sensor','4095',1,'2025-10-14 15:48:30','2025-10-14 15:48:30'),(674,2,'lectura_sensor','4095',1,'2025-10-14 15:48:33','2025-10-14 15:48:33'),(675,2,'lectura_sensor','1807',1,'2025-10-14 15:48:36','2025-10-14 15:48:36'),(676,2,'lectura_sensor','2263',1,'2025-10-14 15:48:40','2025-10-14 15:48:40'),(677,2,'lectura_sensor','1564',1,'2025-10-14 15:48:43','2025-10-14 15:48:43'),(678,2,'lectura_sensor','1755',1,'2025-10-14 15:48:46','2025-10-14 15:48:46'),(679,2,'lectura_sensor','2126',1,'2025-10-14 15:48:49','2025-10-14 15:48:49'),(680,2,'lectura_sensor','1700',1,'2025-10-14 15:48:52','2025-10-14 15:48:52'),(681,2,'lectura_sensor','1728',1,'2025-10-14 15:48:56','2025-10-14 15:48:56'),(682,2,'lectura_sensor','1727',1,'2025-10-14 15:49:00','2025-10-14 15:49:00'),(683,2,'lectura_sensor','1785',1,'2025-10-14 15:49:03','2025-10-14 15:49:03'),(684,2,'lectura_sensor','1787',1,'2025-10-14 15:49:10','2025-10-14 15:49:10'),(685,2,'lectura_sensor','1807',1,'2025-10-14 15:49:14','2025-10-14 15:49:14'),(686,2,'lectura_sensor','1757',1,'2025-10-14 15:49:17','2025-10-14 15:49:17'),(687,2,'lectura_sensor','1690',1,'2025-10-14 15:49:20','2025-10-14 15:49:20'),(688,2,'lectura_sensor','1968',1,'2025-10-14 15:49:23','2025-10-14 15:49:23'),(689,2,'lectura_sensor','4095',1,'2025-10-14 15:49:26','2025-10-14 15:49:26'),(690,2,'lectura_sensor','1769',1,'2025-10-14 15:49:30','2025-10-14 15:49:30'),(691,2,'lectura_sensor','1759',1,'2025-10-14 15:49:33','2025-10-14 15:49:33'),(692,2,'lectura_sensor','1731',1,'2025-10-14 15:49:36','2025-10-14 15:49:36'),(693,2,'lectura_sensor','1720',1,'2025-10-14 15:49:39','2025-10-14 15:49:39'),(694,2,'lectura_sensor','1663',1,'2025-10-14 15:49:43','2025-10-14 15:49:43'),(695,2,'lectura_sensor','1735',1,'2025-10-14 15:49:46','2025-10-14 15:49:46'),(696,2,'lectura_sensor','1765',1,'2025-10-14 15:49:50','2025-10-14 15:49:50'),(697,2,'lectura_sensor','1751',1,'2025-10-14 15:49:53','2025-10-14 15:49:53'),(698,2,'lectura_sensor','1758',1,'2025-10-14 15:49:56','2025-10-14 15:49:56'),(699,2,'lectura_sensor','1763',1,'2025-10-14 15:50:00','2025-10-14 15:50:00'),(700,2,'lectura_sensor','1774',1,'2025-10-14 15:50:04','2025-10-14 15:50:04'),(701,2,'lectura_sensor','1771',1,'2025-10-14 15:50:21','2025-10-14 15:50:21'),(702,2,'lectura_sensor','1767',1,'2025-10-14 15:50:22','2025-10-14 15:50:22'),(703,2,'lectura_sensor','1781',1,'2025-10-14 15:50:25','2025-10-14 15:50:25'),(704,2,'lectura_sensor','1777',1,'2025-10-14 15:50:28','2025-10-14 15:50:28'),(705,2,'lectura_sensor','1775',1,'2025-10-14 15:50:32','2025-10-14 15:50:32'),(706,2,'lectura_sensor','1773',1,'2025-10-14 15:50:36','2025-10-14 15:50:36'),(707,2,'lectura_sensor','1780',1,'2025-10-14 15:50:39','2025-10-14 15:50:39'),(708,2,'lectura_sensor','1779',1,'2025-10-14 15:50:42','2025-10-14 15:50:42'),(709,2,'lectura_sensor','1782',1,'2025-10-14 15:50:46','2025-10-14 15:50:46'),(710,2,'lectura_sensor','1791',1,'2025-10-14 15:50:49','2025-10-14 15:50:49'),(711,2,'lectura_sensor','1777',1,'2025-10-14 15:50:52','2025-10-14 15:50:52'),(712,2,'lectura_sensor','1777',1,'2025-10-14 15:50:56','2025-10-14 15:50:56'),(713,2,'lectura_sensor','1779',1,'2025-10-14 15:51:00','2025-10-14 15:51:00'),(714,2,'lectura_sensor','1776',1,'2025-10-14 15:51:04','2025-10-14 15:51:04'),(715,2,'lectura_sensor','1760',1,'2025-10-14 15:51:07','2025-10-14 15:51:07'),(716,2,'lectura_sensor','1769',1,'2025-10-14 15:51:10','2025-10-14 15:51:10'),(717,2,'lectura_sensor','1767',1,'2025-10-14 15:51:13','2025-10-14 15:51:13'),(718,2,'lectura_sensor','1776',1,'2025-10-14 15:51:16','2025-10-14 15:51:16'),(719,2,'lectura_sensor','1744',1,'2025-10-14 15:51:19','2025-10-14 15:51:19'),(720,2,'lectura_sensor','3985',1,'2025-10-14 15:51:22','2025-10-14 15:51:22'),(721,2,'lectura_sensor','4095',1,'2025-10-14 15:51:26','2025-10-14 15:51:26'),(722,2,'lectura_sensor','2243',1,'2025-10-14 15:51:30','2025-10-14 15:51:30'),(723,2,'lectura_sensor','2306',1,'2025-10-14 15:51:33','2025-10-14 15:51:33'),(724,2,'lectura_sensor','2282',1,'2025-10-14 15:51:36','2025-10-14 15:51:36'),(725,2,'lectura_sensor','2126',1,'2025-10-14 15:51:40','2025-10-14 15:51:40'),(726,2,'lectura_sensor','2186',1,'2025-10-14 15:51:44','2025-10-14 15:51:44'),(727,2,'lectura_sensor','2263',1,'2025-10-14 15:51:48','2025-10-14 15:51:48'),(728,2,'lectura_sensor','2230',1,'2025-10-14 15:51:55','2025-10-14 15:51:55'),(729,2,'lectura_sensor','2229',1,'2025-10-14 15:52:05','2025-10-14 15:52:05'),(730,2,'lectura_sensor','2225',1,'2025-10-14 15:52:10','2025-10-14 15:52:10'),(731,2,'lectura_sensor','4095',1,'2025-10-14 15:52:13','2025-10-14 15:52:13'),(732,2,'lectura_sensor','4074',1,'2025-10-14 15:52:16','2025-10-14 15:52:16'),(733,2,'lectura_sensor','4048',1,'2025-10-14 15:52:20','2025-10-14 15:52:20'),(734,2,'lectura_sensor','4036',1,'2025-10-14 15:52:23','2025-10-14 15:52:23'),(735,2,'lectura_sensor','4085',1,'2025-10-14 15:52:27','2025-10-14 15:52:27'),(736,2,'lectura_sensor','3981',1,'2025-10-14 15:52:30','2025-10-14 15:52:30'),(737,2,'lectura_sensor','3975',1,'2025-10-14 15:52:33','2025-10-14 15:52:33'),(738,2,'lectura_sensor','3984',1,'2025-10-14 15:52:36','2025-10-14 15:52:36'),(739,2,'lectura_sensor','3935',1,'2025-10-14 15:52:40','2025-10-14 15:52:40'),(740,2,'lectura_sensor','4006',1,'2025-10-14 15:52:45','2025-10-14 15:52:45'),(741,2,'lectura_sensor','3989',1,'2025-10-14 15:52:48','2025-10-14 15:52:48'),(742,2,'lectura_sensor','3995',1,'2025-10-14 15:52:52','2025-10-14 15:52:52'),(743,2,'lectura_sensor','4049',1,'2025-10-14 15:52:55','2025-10-14 15:52:55'),(744,2,'lectura_sensor','4004',1,'2025-10-14 15:52:58','2025-10-14 15:52:58'),(745,2,'lectura_sensor','4031',1,'2025-10-14 15:53:02','2025-10-14 15:53:02'),(746,2,'lectura_sensor','4016',1,'2025-10-14 15:53:05','2025-10-14 15:53:05'),(747,2,'lectura_sensor','4039',1,'2025-10-14 15:53:08','2025-10-14 15:53:08'),(748,2,'lectura_sensor','4002',1,'2025-10-14 15:53:11','2025-10-14 15:53:11'),(749,2,'lectura_sensor','4016',1,'2025-10-14 15:53:14','2025-10-14 15:53:14'),(750,2,'lectura_sensor','3995',1,'2025-10-14 15:53:17','2025-10-14 15:53:17'),(751,2,'lectura_sensor','3997',1,'2025-10-14 15:53:20','2025-10-14 15:53:20'),(752,2,'lectura_sensor','4016',1,'2025-10-14 15:53:24','2025-10-14 15:53:24'),(753,2,'lectura_sensor','4031',1,'2025-10-14 15:53:26','2025-10-14 15:53:26'),(754,2,'lectura_sensor','3969',1,'2025-10-14 15:53:30','2025-10-14 15:53:30'),(755,2,'lectura_sensor','4018',1,'2025-10-14 15:53:33','2025-10-14 15:53:33'),(756,2,'lectura_sensor','4031',1,'2025-10-14 15:53:35','2025-10-14 15:53:35'),(757,2,'lectura_sensor','4016',1,'2025-10-14 15:53:39','2025-10-14 15:53:39'),(758,2,'lectura_sensor','4027',1,'2025-10-14 15:53:41','2025-10-14 15:53:41'),(759,2,'lectura_sensor','4015',1,'2025-10-14 15:53:45','2025-10-14 15:53:45'),(760,2,'lectura_sensor','4047',1,'2025-10-14 15:53:48','2025-10-14 15:53:48'),(761,2,'lectura_sensor','4019',1,'2025-10-14 15:53:51','2025-10-14 15:53:51'),(762,2,'lectura_sensor','4033',1,'2025-10-14 15:53:54','2025-10-14 15:53:54'),(763,2,'lectura_sensor','4015',1,'2025-10-14 15:53:57','2025-10-14 15:53:57'),(764,2,'lectura_sensor','3983',1,'2025-10-14 15:54:00','2025-10-14 15:54:00'),(765,2,'lectura_sensor','4016',1,'2025-10-14 15:54:03','2025-10-14 15:54:03'),(766,2,'lectura_sensor','4016',1,'2025-10-14 15:54:06','2025-10-14 15:54:06'),(767,2,'lectura_sensor','4019',1,'2025-10-14 15:54:09','2025-10-14 15:54:09'),(768,2,'lectura_sensor','4021',1,'2025-10-14 15:54:12','2025-10-14 15:54:12'),(769,2,'lectura_sensor','4031',1,'2025-10-14 15:54:15','2025-10-14 15:54:15'),(770,2,'lectura_sensor','4016',1,'2025-10-14 15:54:18','2025-10-14 15:54:18'),(771,2,'lectura_sensor','4002',1,'2025-10-14 15:54:21','2025-10-14 15:54:21'),(772,2,'lectura_sensor','4006',1,'2025-10-14 15:54:25','2025-10-14 15:54:25'),(773,2,'lectura_sensor','4011',1,'2025-10-14 15:54:28','2025-10-14 15:54:28'),(774,2,'lectura_sensor','4007',1,'2025-10-14 15:54:30','2025-10-14 15:54:30'),(775,2,'lectura_sensor','4027',1,'2025-10-14 15:54:34','2025-10-14 15:54:34'),(776,2,'lectura_sensor','4005',1,'2025-10-14 15:54:37','2025-10-14 15:54:37'),(777,2,'lectura_sensor','4016',1,'2025-10-14 15:54:40','2025-10-14 15:54:40'),(778,2,'lectura_sensor','3987',1,'2025-10-14 15:54:43','2025-10-14 15:54:43'),(779,2,'lectura_sensor','4007',1,'2025-10-14 15:54:45','2025-10-14 15:54:45'),(780,2,'lectura_sensor','4021',1,'2025-10-14 15:54:48','2025-10-14 15:54:48'),(781,2,'lectura_sensor','4005',1,'2025-10-14 15:54:51','2025-10-14 15:54:51'),(782,2,'lectura_sensor','3998',1,'2025-10-14 15:54:54','2025-10-14 15:54:54'),(783,2,'lectura_sensor','4009',1,'2025-10-14 15:54:57','2025-10-14 15:54:57'),(784,2,'lectura_sensor','4007',1,'2025-10-14 15:55:01','2025-10-14 15:55:01'),(785,2,'lectura_sensor','4006',1,'2025-10-14 15:55:04','2025-10-14 15:55:04'),(786,2,'lectura_sensor','4015',1,'2025-10-14 15:55:08','2025-10-14 15:55:08'),(787,2,'lectura_sensor','4015',1,'2025-10-14 15:55:11','2025-10-14 15:55:11'),(788,2,'lectura_sensor','4037',1,'2025-10-14 15:55:13','2025-10-14 15:55:13'),(789,2,'lectura_sensor','4043',1,'2025-10-14 15:55:16','2025-10-14 15:55:16'),(790,2,'lectura_sensor','4034',1,'2025-10-14 15:55:19','2025-10-14 15:55:19'),(791,2,'lectura_sensor','4031',1,'2025-10-14 15:55:22','2025-10-14 15:55:22'),(792,2,'lectura_sensor','4035',1,'2025-10-14 15:55:25','2025-10-14 15:55:25'),(793,2,'lectura_sensor','4038',1,'2025-10-14 15:55:28','2025-10-14 15:55:28'),(794,2,'lectura_sensor','4029',1,'2025-10-14 15:55:31','2025-10-14 15:55:31'),(795,2,'lectura_sensor','4019',1,'2025-10-14 15:55:34','2025-10-14 15:55:34'),(796,2,'lectura_sensor','4032',1,'2025-10-14 15:55:36','2025-10-14 15:55:36'),(797,2,'lectura_sensor','4031',1,'2025-10-14 15:55:40','2025-10-14 15:55:40'),(798,2,'lectura_sensor','4029',1,'2025-10-14 15:55:44','2025-10-14 15:55:44'),(799,2,'lectura_sensor','4095',1,'2025-10-14 15:55:54','2025-10-14 15:55:54'),(800,2,'lectura_sensor','4095',1,'2025-10-14 15:55:57','2025-10-14 15:55:57'),(801,2,'lectura_sensor','4095',1,'2025-10-14 15:56:00','2025-10-14 15:56:00'),(802,2,'lectura_sensor','4095',1,'2025-10-14 15:56:03','2025-10-14 15:56:03'),(803,2,'lectura_sensor','4095',1,'2025-10-14 15:56:07','2025-10-14 15:56:07'),(804,2,'lectura_sensor','4095',1,'2025-10-14 15:56:11','2025-10-14 15:56:11'),(805,2,'lectura_sensor','4095',1,'2025-10-14 15:56:14','2025-10-14 15:56:14'),(806,2,'lectura_sensor','4095',1,'2025-10-14 15:56:17','2025-10-14 15:56:17'),(807,2,'lectura_sensor','4095',1,'2025-10-14 15:56:20','2025-10-14 15:56:20'),(808,2,'lectura_sensor','4095',1,'2025-10-14 15:56:24','2025-10-14 15:56:24'),(809,2,'lectura_sensor','4095',1,'2025-10-14 15:56:27','2025-10-14 15:56:27'),(810,2,'lectura_sensor','4095',1,'2025-10-14 15:56:30','2025-10-14 15:56:30'),(811,2,'lectura_sensor','4095',1,'2025-10-14 15:56:33','2025-10-14 15:56:33'),(812,2,'lectura_sensor','4095',1,'2025-10-14 15:56:37','2025-10-14 15:56:37'),(813,2,'lectura_sensor','4095',1,'2025-10-14 15:56:42','2025-10-14 15:56:42'),(814,2,'lectura_sensor','4095',1,'2025-10-14 15:56:46','2025-10-14 15:56:46'),(815,2,'lectura_sensor','4095',1,'2025-10-14 15:56:51','2025-10-14 15:56:51'),(816,2,'lectura_sensor','4095',1,'2025-10-14 15:56:56','2025-10-14 15:56:56'),(817,2,'lectura_sensor','4095',1,'2025-10-14 15:57:02','2025-10-14 15:57:02'),(818,2,'lectura_sensor','4095',1,'2025-10-14 15:57:08','2025-10-14 15:57:08'),(819,2,'lectura_sensor','4095',1,'2025-10-14 15:57:12','2025-10-14 15:57:12'),(820,2,'lectura_sensor','4095',1,'2025-10-14 15:57:15','2025-10-14 15:57:15'),(821,2,'lectura_sensor','4095',1,'2025-10-14 15:57:18','2025-10-14 15:57:18'),(822,2,'lectura_sensor','4095',1,'2025-10-14 15:57:21','2025-10-14 15:57:21'),(823,2,'lectura_sensor','4095',1,'2025-10-14 15:57:24','2025-10-14 15:57:24'),(824,2,'lectura_sensor','4095',1,'2025-10-14 15:57:27','2025-10-14 15:57:27'),(825,2,'lectura_sensor','4095',1,'2025-10-14 15:57:30','2025-10-14 15:57:30'),(826,2,'lectura_sensor','4095',1,'2025-10-14 15:57:33','2025-10-14 15:57:33'),(827,2,'lectura_sensor','4095',1,'2025-10-14 15:57:36','2025-10-14 15:57:36'),(828,2,'lectura_sensor','4095',1,'2025-10-14 15:57:38','2025-10-14 15:57:38'),(829,2,'lectura_sensor','4095',1,'2025-10-14 15:57:41','2025-10-14 15:57:41'),(830,2,'lectura_sensor','4095',1,'2025-10-14 15:57:44','2025-10-14 15:57:44'),(831,2,'lectura_sensor','4095',1,'2025-10-14 15:57:47','2025-10-14 15:57:47'),(832,2,'lectura_sensor','4095',1,'2025-10-14 15:57:50','2025-10-14 15:57:50'),(833,2,'lectura_sensor','4095',1,'2025-10-14 15:57:53','2025-10-14 15:57:53'),(834,2,'lectura_sensor','4095',1,'2025-10-14 15:57:56','2025-10-14 15:57:56'),(835,2,'lectura_sensor','4095',1,'2025-10-14 15:57:59','2025-10-14 15:57:59'),(836,2,'lectura_sensor','4095',1,'2025-10-14 15:58:01','2025-10-14 15:58:01'),(837,2,'lectura_sensor','4095',1,'2025-10-14 15:58:04','2025-10-14 15:58:04'),(838,2,'lectura_sensor','4095',1,'2025-10-14 15:58:07','2025-10-14 15:58:07'),(839,2,'lectura_sensor','4095',1,'2025-10-14 15:58:10','2025-10-14 15:58:10'),(840,2,'lectura_sensor','4095',1,'2025-10-14 15:58:13','2025-10-14 15:58:13'),(841,2,'lectura_sensor','4095',1,'2025-10-14 15:58:15','2025-10-14 15:58:15'),(842,2,'lectura_sensor','4095',1,'2025-10-14 15:58:18','2025-10-14 15:58:18'),(843,2,'lectura_sensor','4095',1,'2025-10-14 15:58:21','2025-10-14 15:58:21'),(844,2,'lectura_sensor','4095',1,'2025-10-14 15:58:24','2025-10-14 15:58:24'),(845,2,'lectura_sensor','4095',1,'2025-10-14 15:58:26','2025-10-14 15:58:26'),(846,2,'lectura_sensor','4095',1,'2025-10-14 15:58:29','2025-10-14 15:58:29'),(847,2,'lectura_sensor','4095',1,'2025-10-14 15:58:32','2025-10-14 15:58:32'),(848,2,'lectura_sensor','4095',1,'2025-10-14 15:58:35','2025-10-14 15:58:35'),(849,2,'lectura_sensor','4095',1,'2025-10-14 15:58:38','2025-10-14 15:58:38'),(850,2,'lectura_sensor','4095',1,'2025-10-14 15:58:41','2025-10-14 15:58:41'),(851,2,'lectura_sensor','4095',1,'2025-10-14 15:58:44','2025-10-14 15:58:44'),(852,2,'lectura_sensor','4095',1,'2025-10-14 15:58:46','2025-10-14 15:58:46'),(853,2,'lectura_sensor','4095',1,'2025-10-14 15:58:49','2025-10-14 15:58:49'),(854,2,'lectura_sensor','4095',1,'2025-10-14 15:58:53','2025-10-14 15:58:53'),(855,2,'lectura_sensor','4095',1,'2025-10-14 15:58:55','2025-10-14 15:58:55'),(856,2,'lectura_sensor','4095',1,'2025-10-14 15:58:58','2025-10-14 15:58:58'),(857,2,'lectura_sensor','4095',1,'2025-10-14 15:59:01','2025-10-14 15:59:01'),(858,2,'lectura_sensor','4095',1,'2025-10-14 15:59:05','2025-10-14 15:59:05'),(859,2,'lectura_sensor','4095',1,'2025-10-14 15:59:08','2025-10-14 15:59:08'),(860,2,'lectura_sensor','4095',1,'2025-10-14 15:59:11','2025-10-14 15:59:11'),(861,2,'lectura_sensor','4095',1,'2025-10-14 15:59:13','2025-10-14 15:59:13'),(862,2,'lectura_sensor','4095',1,'2025-10-14 15:59:16','2025-10-14 15:59:16'),(863,2,'lectura_sensor','4095',1,'2025-10-14 15:59:19','2025-10-14 15:59:19'),(864,2,'lectura_sensor','4095',1,'2025-10-14 15:59:22','2025-10-14 15:59:22'),(865,2,'lectura_sensor','4095',1,'2025-10-14 15:59:25','2025-10-14 15:59:25'),(866,2,'lectura_sensor','4095',1,'2025-10-14 15:59:28','2025-10-14 15:59:28'),(867,2,'lectura_sensor','4095',1,'2025-10-14 15:59:31','2025-10-14 15:59:31'),(868,2,'lectura_sensor','4095',1,'2025-10-14 15:59:34','2025-10-14 15:59:34'),(869,2,'lectura_sensor','4095',1,'2025-10-14 15:59:37','2025-10-14 15:59:37'),(870,2,'lectura_sensor','4095',1,'2025-10-14 15:59:43','2025-10-14 15:59:43'),(871,2,'lectura_sensor','4095',1,'2025-10-14 15:59:45','2025-10-14 15:59:45'),(872,2,'lectura_sensor','4095',1,'2025-10-14 15:59:48','2025-10-14 15:59:48'),(873,2,'lectura_sensor','4095',1,'2025-10-14 15:59:51','2025-10-14 15:59:51'),(874,2,'lectura_sensor','4095',1,'2025-10-14 15:59:54','2025-10-14 15:59:54'),(875,2,'lectura_sensor','4095',1,'2025-10-14 15:59:57','2025-10-14 15:59:57'),(876,2,'lectura_sensor','4095',1,'2025-10-14 16:00:00','2025-10-14 16:00:00'),(877,2,'lectura_sensor','4095',1,'2025-10-14 16:00:03','2025-10-14 16:00:03'),(878,2,'lectura_sensor','4095',1,'2025-10-14 16:00:06','2025-10-14 16:00:06'),(879,2,'lectura_sensor','4095',1,'2025-10-14 16:00:08','2025-10-14 16:00:08'),(880,2,'lectura_sensor','4095',1,'2025-10-14 16:00:11','2025-10-14 16:00:11'),(881,2,'lectura_sensor','4095',1,'2025-10-14 16:00:14','2025-10-14 16:00:14'),(882,2,'lectura_sensor','4095',1,'2025-10-14 16:00:17','2025-10-14 16:00:17'),(883,2,'lectura_sensor','4095',1,'2025-10-14 16:00:20','2025-10-14 16:00:20'),(884,2,'lectura_sensor','4095',1,'2025-10-14 16:00:23','2025-10-14 16:00:23'),(885,2,'lectura_sensor','4095',1,'2025-10-14 16:00:26','2025-10-14 16:00:26'),(886,2,'lectura_sensor','4095',1,'2025-10-14 16:00:28','2025-10-14 16:00:28'),(887,2,'lectura_sensor','4095',1,'2025-10-14 16:00:31','2025-10-14 16:00:31'),(888,2,'lectura_sensor','4095',1,'2025-10-14 16:00:34','2025-10-14 16:00:34');

#
# Structure for table "ventas"
#

DROP TABLE IF EXISTS `ventas`;
CREATE TABLE `ventas` (
  `id` bigint(20) unsigned NOT NULL AUTO_INCREMENT,
  `user_id` bigint(20) unsigned NOT NULL,
  `fecha_venta` datetime NOT NULL DEFAULT current_timestamp(),
  `total` decimal(10,2) NOT NULL,
  `estado_venta` enum('pendiente','aprobado','rechazado','finalizado','cancelado') NOT NULL DEFAULT 'pendiente',
  `tipo_entrega` enum('recojo','envio') NOT NULL DEFAULT 'recojo',
  `direccion_envio` text DEFAULT NULL,
  `telefono_contacto` varchar(255) NOT NULL,
  `latitud` decimal(10,7) DEFAULT NULL,
  `longitud` decimal(10,7) DEFAULT NULL,
  `estado_pago` enum('pendiente','verificado','rechazado') NOT NULL DEFAULT 'pendiente',
  `comprobante_pago` varchar(255) DEFAULT NULL,
  `comprobante_sistema` varchar(255) DEFAULT NULL,
  `activo` tinyint(1) NOT NULL DEFAULT 1,
  `created_at` timestamp NULL DEFAULT NULL,
  `updated_at` timestamp NULL DEFAULT NULL,
  PRIMARY KEY (`id`),
  KEY `ventas_user_id_foreign` (`user_id`),
  CONSTRAINT `ventas_user_id_foreign` FOREIGN KEY (`user_id`) REFERENCES `users` (`id`) ON DELETE CASCADE
) ENGINE=InnoDB AUTO_INCREMENT=8 DEFAULT CHARSET=utf8mb4 COLLATE=utf8mb4_unicode_ci;

#
# Data for table "ventas"
#

INSERT INTO `ventas` VALUES (1,6,'2025-10-05 22:39:30',36.00,'aprobado','recojo',NULL,'74303205',NULL,NULL,'verificado','comprobantes/ivzNXa7sHZg34LcYytSf07rDw22L6qEGUiFddrOm.jpg',NULL,1,'2025-10-05 22:39:30','2025-10-05 22:44:41'),(2,6,'2025-10-12 11:13:42',20.00,'aprobado','recojo',NULL,'74303205',NULL,NULL,'verificado','comprobantes/vCwx5RbljpnAcHB8seokWIfpxxmZUbNxp4vyrQ06.jpg',NULL,1,'2025-10-12 11:13:42','2025-10-12 22:27:51'),(3,6,'2025-10-12 22:37:48',8.00,'cancelado','recojo',NULL,'74303205',NULL,NULL,'rechazado','comprobantes/S750xhPRopR5kQI6ZqXbau4pTEMjr3VW5o1mSl1I.jpg',NULL,1,'2025-10-12 22:37:48','2025-10-12 22:40:11'),(4,6,'2025-10-12 22:42:21',24.00,'cancelado','recojo',NULL,'74303205',NULL,NULL,'rechazado','comprobantes/S6rEu3UuL7h44URoHUdP3gF0T9LfLDf5Xc95e2AY.jpg',NULL,1,'2025-10-12 22:42:21','2025-10-12 22:42:40'),(5,6,'2025-10-14 16:43:44',28.00,'aprobado','recojo',NULL,'74303205',NULL,NULL,'verificado','comprobantes/buDMNriPMsL1SqIo7AbTfVqVrl84Cn1vVnTcTLrp.jpg',NULL,1,'2025-10-14 16:43:44','2025-10-26 22:32:49'),(6,6,'2025-10-29 22:59:46',32.00,'pendiente','envio','Circunvalacion oeste','68492264',-17.3654509,-66.1724567,'pendiente','comprobantes/3l2FPFxueSvWl0ZJoGCC1qX00UyU33jcUx8F1TRt.jpg',NULL,1,'2025-10-29 22:59:46','2025-10-29 22:59:46');

#
# Structure for table "detalle_venta"
#

DROP TABLE IF EXISTS `detalle_venta`;
CREATE TABLE `detalle_venta` (
  `id` bigint(20) unsigned NOT NULL AUTO_INCREMENT,
  `venta_id` bigint(20) unsigned NOT NULL,
  `producto_id` bigint(20) unsigned NOT NULL,
  `cantidad` int(11) NOT NULL,
  `precio_unitario` decimal(10,2) NOT NULL,
  `created_at` timestamp NULL DEFAULT NULL,
  `updated_at` timestamp NULL DEFAULT NULL,
  `estado` tinyint(1) NOT NULL DEFAULT 1,
  PRIMARY KEY (`id`),
  KEY `detalle_venta_venta_id_foreign` (`venta_id`),
  KEY `detalle_venta_producto_id_foreign` (`producto_id`),
  CONSTRAINT `detalle_venta_producto_id_foreign` FOREIGN KEY (`producto_id`) REFERENCES `productos` (`id`) ON DELETE CASCADE,
  CONSTRAINT `detalle_venta_venta_id_foreign` FOREIGN KEY (`venta_id`) REFERENCES `ventas` (`id`) ON DELETE CASCADE
) ENGINE=InnoDB AUTO_INCREMENT=9 DEFAULT CHARSET=utf8mb4 COLLATE=utf8mb4_unicode_ci;

#
# Data for table "detalle_venta"
#

INSERT INTO `detalle_venta` VALUES (1,1,1,3,12.00,'2025-10-05 22:39:30','2025-10-05 22:39:30',1),(2,2,2,1,12.00,'2025-10-12 11:13:42','2025-10-12 11:13:42',1),(3,2,3,1,8.00,'2025-10-12 11:13:42','2025-10-12 11:13:42',1),(4,3,3,1,8.00,'2025-10-12 22:37:48','2025-10-12 22:37:48',1),(5,4,2,2,12.00,'2025-10-12 22:42:21','2025-10-12 22:42:21',1),(6,5,7,4,7.00,'2025-10-14 16:43:44','2025-10-14 16:43:44',1),(7,6,2,2,12.00,'2025-10-29 22:59:46','2025-10-29 22:59:46',1),(8,6,3,1,8.00,'2025-10-29 22:59:46','2025-10-29 22:59:46',1);
